maker-E.canG7_contigs_5369-pred_gff_augustus_masked-gene-0.0-mRNA-1	8783dc2c9fe014f0bd2933b3bba33279	115	Pfam	PF00102	Protein-tyrosine phosphatase	1	113	1.6E-19	T	15-04-2024	IPR000242	Tyrosine-specific protein phosphatase, PTPase domain
maker-E.canG7_contigs_5369-pred_gff_augustus_masked-gene-0.0-mRNA-1	8783dc2c9fe014f0bd2933b3bba33279	115	SUPERFAMILY	SSF52799	(Phosphotyrosine protein) phosphatases II	1	113	3.68E-25	T	15-04-2024	IPR029021	Protein-tyrosine phosphatase-like
maker-E.canG7_contigs_5369-pred_gff_augustus_masked-gene-0.0-mRNA-1	8783dc2c9fe014f0bd2933b3bba33279	115	Gene3D	G3DSA:3.90.190.10	Protein tyrosine phosphatase superfamily	1	114	1.1E-27	T	15-04-2024	IPR029021	Protein-tyrosine phosphatase-like
maker-E.canG7_contigs_5369-pred_gff_augustus_masked-gene-0.0-mRNA-1	8783dc2c9fe014f0bd2933b3bba33279	115	PANTHER	PTHR19134	RECEPTOR-TYPE TYROSINE-PROTEIN PHOSPHATASE	1	113	1.8E-21	T	15-04-2024	-	-
maker-E.canG7_contigs_5369-pred_gff_augustus_masked-gene-0.0-mRNA-1	8783dc2c9fe014f0bd2933b3bba33279	115	ProSiteProfiles	PS50055	PTP type protein phosphatase domain profile.	1	115	14.818786	T	15-04-2024	IPR000242	Tyrosine-specific protein phosphatase, PTPase domain
maker-E.canG7_contigs_5688-pred_gff_snap_masked-gene-0.1-mRNA-1	8783dc2c9fe014f0bd2933b3bba33279	115	Pfam	PF00102	Protein-tyrosine phosphatase	1	113	1.6E-19	T	15-04-2024	IPR000242	Tyrosine-specific protein phosphatase, PTPase domain
maker-E.canG7_contigs_5688-pred_gff_snap_masked-gene-0.1-mRNA-1	8783dc2c9fe014f0bd2933b3bba33279	115	SUPERFAMILY	SSF52799	(Phosphotyrosine protein) phosphatases II	1	113	3.68E-25	T	15-04-2024	IPR029021	Protein-tyrosine phosphatase-like
maker-E.canG7_contigs_5688-pred_gff_snap_masked-gene-0.1-mRNA-1	8783dc2c9fe014f0bd2933b3bba33279	115	Gene3D	G3DSA:3.90.190.10	Protein tyrosine phosphatase superfamily	1	114	1.1E-27	T	15-04-2024	IPR029021	Protein-tyrosine phosphatase-like
maker-E.canG7_contigs_5688-pred_gff_snap_masked-gene-0.1-mRNA-1	8783dc2c9fe014f0bd2933b3bba33279	115	PANTHER	PTHR19134	RECEPTOR-TYPE TYROSINE-PROTEIN PHOSPHATASE	1	113	1.8E-21	T	15-04-2024	-	-
maker-E.canG7_contigs_5688-pred_gff_snap_masked-gene-0.1-mRNA-1	8783dc2c9fe014f0bd2933b3bba33279	115	ProSiteProfiles	PS50055	PTP type protein phosphatase domain profile.	1	115	14.818786	T	15-04-2024	IPR000242	Tyrosine-specific protein phosphatase, PTPase domain
maker-E.canG7_contigs_9167-snap-gene-0.2-mRNA-1	0418aa2bab1daa9e494e4aeb570bc410	115	Pfam	PF00858	Amiloride-sensitive sodium channel	24	100	1.6E-12	T	15-04-2024	IPR001873	Epithelial sodium channel
maker-E.canG7_contigs_9167-snap-gene-0.2-mRNA-1	0418aa2bab1daa9e494e4aeb570bc410	115	MobiDBLite	mobidb-lite	consensus disorder prediction	1	26	-	T	15-04-2024	-	-
maker-E.canG7_contigs_9270-snap-gene-0.2-mRNA-1	0418aa2bab1daa9e494e4aeb570bc410	115	Pfam	PF00858	Amiloride-sensitive sodium channel	24	100	1.6E-12	T	15-04-2024	IPR001873	Epithelial sodium channel
maker-E.canG7_contigs_9270-snap-gene-0.2-mRNA-1	0418aa2bab1daa9e494e4aeb570bc410	115	MobiDBLite	mobidb-lite	consensus disorder prediction	1	26	-	T	15-04-2024	-	-
maker-E.canG7_contigs_1972-pred_gff_cdna2genome-gene-0.6-mRNA-1	207561c026f291f621b38d2fcb3406b1	43	MobiDBLite	mobidb-lite	consensus disorder prediction	1	43	-	T	15-04-2024	-	-
maker-E.canG7_contigs_0051-pred_gff_blastx-gene-0.9-mRNA-1	e33728802fd53a39863f95ebbca555da	37	MobiDBLite	mobidb-lite	consensus disorder prediction	1	37	-	T	15-04-2024	-	-
maker-E.canG7_contigs_0051-pred_gff_blastx-gene-0.9-mRNA-1	e33728802fd53a39863f95ebbca555da	37	MobiDBLite	mobidb-lite	consensus disorder prediction	19	37	-	T	15-04-2024	-	-
maker-E.canG7_contigs_9064-pred_gff_blastx-gene-0.6-mRNA-1	e33728802fd53a39863f95ebbca555da	37	MobiDBLite	mobidb-lite	consensus disorder prediction	1	37	-	T	15-04-2024	-	-
maker-E.canG7_contigs_9064-pred_gff_blastx-gene-0.6-mRNA-1	e33728802fd53a39863f95ebbca555da	37	MobiDBLite	mobidb-lite	consensus disorder prediction	19	37	-	T	15-04-2024	-	-
maker-E.canG7_contigs_7123-pred_gff_blastx-gene-0.21-mRNA-1	047bd38eac74285deaeeea307a727b05	76	MobiDBLite	mobidb-lite	consensus disorder prediction	1	21	-	T	15-04-2024	-	-
maker-E.canG7_contigs_0205-pred_gff_blastx-gene-0.6-mRNA-1	179d991e43fcb69b4dd2d09091ffc084	100	PANTHER	PTHR11005:SF100	LIPASE	4	94	2.5E-22	T	15-04-2024	-	-
maker-E.canG7_contigs_0205-pred_gff_blastx-gene-0.6-mRNA-1	179d991e43fcb69b4dd2d09091ffc084	100	SUPERFAMILY	SSF53474	alpha/beta-Hydrolases	3	99	7.04E-14	T	15-04-2024	IPR029058	Alpha/Beta hydrolase fold
maker-E.canG7_contigs_0205-pred_gff_blastx-gene-0.6-mRNA-1	179d991e43fcb69b4dd2d09091ffc084	100	PANTHER	PTHR11005	LYSOSOMAL ACID LIPASE-RELATED	4	94	2.5E-22	T	15-04-2024	-	-
maker-E.canG7_contigs_0205-pred_gff_blastx-gene-0.6-mRNA-1	179d991e43fcb69b4dd2d09091ffc084	100	Gene3D	G3DSA:3.40.50.1820	alpha/beta hydrolase	1	98	1.7E-27	T	15-04-2024	IPR029058	Alpha/Beta hydrolase fold
maker-E.canG7_contigs_3488-pred_gff_blastx-gene-0.6-mRNA-1	179d991e43fcb69b4dd2d09091ffc084	100	PANTHER	PTHR11005:SF100	LIPASE	4	94	2.5E-22	T	15-04-2024	-	-
maker-E.canG7_contigs_3488-pred_gff_blastx-gene-0.6-mRNA-1	179d991e43fcb69b4dd2d09091ffc084	100	SUPERFAMILY	SSF53474	alpha/beta-Hydrolases	3	99	7.04E-14	T	15-04-2024	IPR029058	Alpha/Beta hydrolase fold
maker-E.canG7_contigs_3488-pred_gff_blastx-gene-0.6-mRNA-1	179d991e43fcb69b4dd2d09091ffc084	100	PANTHER	PTHR11005	LYSOSOMAL ACID LIPASE-RELATED	4	94	2.5E-22	T	15-04-2024	-	-
maker-E.canG7_contigs_3488-pred_gff_blastx-gene-0.6-mRNA-1	179d991e43fcb69b4dd2d09091ffc084	100	Gene3D	G3DSA:3.40.50.1820	alpha/beta hydrolase	1	98	1.7E-27	T	15-04-2024	IPR029058	Alpha/Beta hydrolase fold
maker-E.canG7_contigs_2417-pred_gff_cdna2genome-gene-0.3-mRNA-1	d7bc5e49479a187b065981c96ab8dc2e	43	MobiDBLite	mobidb-lite	consensus disorder prediction	1	43	-	T	15-04-2024	-	-
maker-E.canG7_contigs_2417-pred_gff_cdna2genome-gene-0.3-mRNA-1	d7bc5e49479a187b065981c96ab8dc2e	43	ProSiteProfiles	PS51111	REJ domain profile.	1	43	9.197197	T	15-04-2024	IPR014010	REJ domain
maker-E.canG7_contigs_8198-pred_gff_snap_masked-gene-0.4-mRNA-1	cd0ced37b98a5c0069dc3a896f353a4b	78	PANTHER	PTHR21575	PROTEIN HID1	3	77	3.5E-20	T	15-04-2024	IPR026705	Hid-1/Ecm30
maker-E.canG7_contigs_8198-pred_gff_snap_masked-gene-0.4-mRNA-1	cd0ced37b98a5c0069dc3a896f353a4b	78	Pfam	PF12722	High-temperature-induced dauer-formation protein	2	75	4.3E-19	T	15-04-2024	IPR026705	Hid-1/Ecm30
maker-E.canG7_contigs_2146-pred_gff_snap_masked-gene-0.1-mRNA-1	cd0ced37b98a5c0069dc3a896f353a4b	78	PANTHER	PTHR21575	PROTEIN HID1	3	77	3.5E-20	T	15-04-2024	IPR026705	Hid-1/Ecm30
maker-E.canG7_contigs_2146-pred_gff_snap_masked-gene-0.1-mRNA-1	cd0ced37b98a5c0069dc3a896f353a4b	78	Pfam	PF12722	High-temperature-induced dauer-formation protein	2	75	4.3E-19	T	15-04-2024	IPR026705	Hid-1/Ecm30
maker-E.canG7_contigs_9266-pred_gff_snap_masked-gene-0.1-mRNA-1	cd0ced37b98a5c0069dc3a896f353a4b	78	PANTHER	PTHR21575	PROTEIN HID1	3	77	3.5E-20	T	15-04-2024	IPR026705	Hid-1/Ecm30
maker-E.canG7_contigs_9266-pred_gff_snap_masked-gene-0.1-mRNA-1	cd0ced37b98a5c0069dc3a896f353a4b	78	Pfam	PF12722	High-temperature-induced dauer-formation protein	2	75	4.3E-19	T	15-04-2024	IPR026705	Hid-1/Ecm30
maker-E.canG7_contigs_1666-pred_gff_blastx-gene-0.2-mRNA-1	073aa5c3b47f8bfab14e1a22d0418d65	45	MobiDBLite	mobidb-lite	consensus disorder prediction	1	45	-	T	15-04-2024	-	-
maker-E.canG7_contigs_4364-pred_gff_blastx-gene-0.9-mRNA-1	073aa5c3b47f8bfab14e1a22d0418d65	45	MobiDBLite	mobidb-lite	consensus disorder prediction	1	45	-	T	15-04-2024	-	-
maker-E.canG7_contigs_5318-pred_gff_blastx-gene-0.6-mRNA-1	77cc67b9f84947d55411f5ac8d6e7dcf	171	Gene3D	G3DSA:2.60.40.10	Immunoglobulins	82	165	6.9E-6	T	15-04-2024	IPR013783	Immunoglobulin-like fold
maker-E.canG7_contigs_5318-pred_gff_blastx-gene-0.6-mRNA-1	77cc67b9f84947d55411f5ac8d6e7dcf	171	ProSiteProfiles	PS50093	Polycystic kidney disease (PKD) domain profile.	97	138	8.8097	T	15-04-2024	IPR000601	PKD domain
maker-E.canG7_contigs_5318-pred_gff_blastx-gene-0.6-mRNA-1	77cc67b9f84947d55411f5ac8d6e7dcf	171	SUPERFAMILY	SSF49299	PKD domain	77	144	7.98E-7	T	15-04-2024	IPR035986	PKD domain superfamily
maker-E.canG7_contigs_8612-pred_gff_protein2genome-gene-0.3-mRNA-1	f8f6d2bca2a4f7ea20cd87996a0043cc	66	Pfam	PF00883	Cytosol aminopeptidase family, catalytic domain	6	62	2.9E-7	T	15-04-2024	IPR000819	Peptidase M17, leucyl aminopeptidase, C-terminal
maker-E.canG7_contigs_8612-pred_gff_protein2genome-gene-0.3-mRNA-1	f8f6d2bca2a4f7ea20cd87996a0043cc	66	Gene3D	G3DSA:3.40.630.10	Zn peptidases	1	66	3.4E-11	T	15-04-2024	-	-
maker-E.canG7_contigs_8612-pred_gff_protein2genome-gene-0.3-mRNA-1	f8f6d2bca2a4f7ea20cd87996a0043cc	66	SUPERFAMILY	SSF53187	Zn-dependent exopeptidases	6	62	9.42E-7	T	15-04-2024	-	-
maker-E.canG7_contigs_6014-pred_gff_cdna2genome-gene-0.10-mRNA-1	be88be82b6bf941887f5bf53eba73dc6	125	Gene3D	G3DSA:3.60.10.10	Endonuclease/exonuclease/phosphatase	5	124	1.5E-20	T	15-04-2024	IPR036691	Endonuclease/exonuclease/phosphatase superfamily
maker-E.canG7_contigs_6014-pred_gff_cdna2genome-gene-0.10-mRNA-1	be88be82b6bf941887f5bf53eba73dc6	125	PRINTS	PR00130	DNase I signature	32	61	2.2E-17	T	15-04-2024	IPR016202	Deoxyribonuclease I
maker-E.canG7_contigs_6014-pred_gff_cdna2genome-gene-0.10-mRNA-1	be88be82b6bf941887f5bf53eba73dc6	125	PRINTS	PR00130	DNase I signature	62	91	2.2E-17	T	15-04-2024	IPR016202	Deoxyribonuclease I
maker-E.canG7_contigs_6014-pred_gff_cdna2genome-gene-0.10-mRNA-1	be88be82b6bf941887f5bf53eba73dc6	125	PRINTS	PR00130	DNase I signature	92	121	2.2E-17	T	15-04-2024	IPR016202	Deoxyribonuclease I
maker-E.canG7_contigs_6014-pred_gff_cdna2genome-gene-0.10-mRNA-1	be88be82b6bf941887f5bf53eba73dc6	125	SMART	SM00476	dnai3	1	124	1.9E-5	T	15-04-2024	IPR016202	Deoxyribonuclease I
maker-E.canG7_contigs_6014-pred_gff_cdna2genome-gene-0.10-mRNA-1	be88be82b6bf941887f5bf53eba73dc6	125	PANTHER	PTHR11371	DEOXYRIBONUCLEASE	35	123	5.8E-25	T	15-04-2024	-	-
maker-E.canG7_contigs_6014-pred_gff_cdna2genome-gene-0.10-mRNA-1	be88be82b6bf941887f5bf53eba73dc6	125	PANTHER	PTHR11371:SF27	DEOXYRIBONUCLEASE-1	35	123	5.8E-25	T	15-04-2024	-	-
maker-E.canG7_contigs_6014-pred_gff_cdna2genome-gene-0.10-mRNA-1	be88be82b6bf941887f5bf53eba73dc6	125	SUPERFAMILY	SSF56219	DNase I-like	29	122	4.8E-7	T	15-04-2024	IPR036691	Endonuclease/exonuclease/phosphatase superfamily
maker-E.canG7_contigs_4535-pred_gff_blastx-gene-0.5-mRNA-1	36efbde35ab142349fc0aee08d16616d	139	MobiDBLite	mobidb-lite	consensus disorder prediction	87	116	-	T	15-04-2024	-	-
maker-E.canG7_contigs_1436-pred_gff_blastx-gene-0.5-mRNA-1	36efbde35ab142349fc0aee08d16616d	139	MobiDBLite	mobidb-lite	consensus disorder prediction	87	116	-	T	15-04-2024	-	-
maker-E.canG7_contigs_1952-pred_gff_blastx-gene-0.5-mRNA-1	36efbde35ab142349fc0aee08d16616d	139	MobiDBLite	mobidb-lite	consensus disorder prediction	87	116	-	T	15-04-2024	-	-
maker-E.canG7_contigs_1098-pred_gff_blastx-gene-0.7-mRNA-1	36efbde35ab142349fc0aee08d16616d	139	MobiDBLite	mobidb-lite	consensus disorder prediction	87	116	-	T	15-04-2024	-	-
maker-E.canG7_contigs_6658-pred_gff_blastx-gene-0.15-mRNA-1	ae19b54f5dde9fa96adf5a7bbb031648	85	MobiDBLite	mobidb-lite	consensus disorder prediction	67	85	-	T	15-04-2024	-	-
maker-E.canG7_contigs_6658-pred_gff_blastx-gene-0.15-mRNA-1	ae19b54f5dde9fa96adf5a7bbb031648	85	MobiDBLite	mobidb-lite	consensus disorder prediction	65	85	-	T	15-04-2024	-	-
maker-E.canG7_contigs_7528-pred_gff_cdna2genome-gene-0.6-mRNA-1	79162bd552a24dfdba40529bc6c29b0c	181	MobiDBLite	mobidb-lite	consensus disorder prediction	134	157	-	T	15-04-2024	-	-
maker-E.canG7_contigs_8378-pred_gff_blastx-gene-0.4-mRNA-1	ad24e07fd90e55445aa4bd3293e8ae91	90	MobiDBLite	mobidb-lite	consensus disorder prediction	1	25	-	T	15-04-2024	-	-
maker-E.canG7_contigs_8378-pred_gff_blastx-gene-0.4-mRNA-1	ad24e07fd90e55445aa4bd3293e8ae91	90	MobiDBLite	mobidb-lite	consensus disorder prediction	1	43	-	T	15-04-2024	-	-
maker-E.canG7_contigs_4897-pred_gff_blastx-gene-0.24-mRNA-1	eccfbec898241ce0a9490c46b6772405	45	MobiDBLite	mobidb-lite	consensus disorder prediction	1	22	-	T	15-04-2024	-	-
maker-E.canG7_contigs_8316-pred_gff_cdna2genome-gene-0.5-mRNA-1	17ab119371417bc5d98d04b86c22b7fd	226	SUPERFAMILY	SSF49265	Fibronectin type III	21	185	1.38E-6	T	15-04-2024	IPR036116	Fibronectin type III superfamily
maker-E.canG7_contigs_8316-pred_gff_cdna2genome-gene-0.5-mRNA-1	17ab119371417bc5d98d04b86c22b7fd	226	ProSiteProfiles	PS50853	Fibronectin type-III domain profile.	110	203	9.436297	T	15-04-2024	IPR003961	Fibronectin type III
maker-E.canG7_contigs_8316-pred_gff_cdna2genome-gene-0.5-mRNA-1	17ab119371417bc5d98d04b86c22b7fd	226	CDD	cd00063	FN3	115	182	0.00234759	T	15-04-2024	IPR003961	Fibronectin type III
maker-E.canG7_contigs_8316-pred_gff_cdna2genome-gene-0.5-mRNA-1	17ab119371417bc5d98d04b86c22b7fd	226	Gene3D	G3DSA:2.60.40.10	Immunoglobulins	114	195	2.5E-6	T	15-04-2024	IPR013783	Immunoglobulin-like fold
maker-E.canG7_contigs_2896-pred_gff_blastx-gene-0.15-mRNA-1	5e243f3cf0c9be5e32d4c8f8de8908d4	154	ProSitePatterns	PS00183	Ubiquitin-conjugating (UBC) active site signature.	93	109	-	T	15-04-2024	IPR023313	Ubiquitin-conjugating enzyme, active site
maker-E.canG7_contigs_2896-pred_gff_blastx-gene-0.15-mRNA-1	5e243f3cf0c9be5e32d4c8f8de8908d4	154	PANTHER	PTHR24068	UBIQUITIN-CONJUGATING ENZYME E2	48	137	2.1E-13	T	15-04-2024	-	-
maker-E.canG7_contigs_2896-pred_gff_blastx-gene-0.15-mRNA-1	5e243f3cf0c9be5e32d4c8f8de8908d4	154	Pfam	PF00179	Ubiquitin-conjugating enzyme	71	140	7.6E-17	T	15-04-2024	IPR000608	Ubiquitin-conjugating enzyme E2
maker-E.canG7_contigs_2896-pred_gff_blastx-gene-0.15-mRNA-1	5e243f3cf0c9be5e32d4c8f8de8908d4	154	PANTHER	PTHR24068:SF132	NEDD8-CONJUGATING ENZYME UBC12	48	137	2.1E-13	T	15-04-2024	-	-
maker-E.canG7_contigs_2896-pred_gff_blastx-gene-0.15-mRNA-1	5e243f3cf0c9be5e32d4c8f8de8908d4	154	SMART	SM00212	ubc_7	8	153	0.0027	T	15-04-2024	-	-
maker-E.canG7_contigs_2896-pred_gff_blastx-gene-0.15-mRNA-1	5e243f3cf0c9be5e32d4c8f8de8908d4	154	SUPERFAMILY	SSF54495	UBC-like	71	140	1.07E-18	T	15-04-2024	IPR016135	Ubiquitin-conjugating enzyme/RWD-like
maker-E.canG7_contigs_2896-pred_gff_blastx-gene-0.15-mRNA-1	5e243f3cf0c9be5e32d4c8f8de8908d4	154	Gene3D	G3DSA:3.10.110.10	Ubiquitin Conjugating Enzyme	2	153	2.6E-20	T	15-04-2024	IPR016135	Ubiquitin-conjugating enzyme/RWD-like
maker-E.canG7_contigs_2896-pred_gff_blastx-gene-0.15-mRNA-1	5e243f3cf0c9be5e32d4c8f8de8908d4	154	ProSiteProfiles	PS50127	Ubiquitin-conjugating (UBC) core domain profile.	5	154	13.532753	T	15-04-2024	IPR000608	Ubiquitin-conjugating enzyme E2
maker-E.canG7_contigs_8987-pred_gff_protein2genome-gene-0.7-mRNA-1	bf9f08632386150872b4bf01957c0c55	270	Pfam	PF00858	Amiloride-sensitive sodium channel	40	235	3.8E-17	T	15-04-2024	IPR001873	Epithelial sodium channel
maker-E.canG7_contigs_4338-pred_gff_blastx-gene-0.11-mRNA-1	bdadb62de9f14212584a18afbed8bf71	114	MobiDBLite	mobidb-lite	consensus disorder prediction	1	31	-	T	15-04-2024	-	-
maker-E.canG7_contigs_6575-pred_gff_blastx-gene-0.3-mRNA-1	caf9e62a9de0d0aef8cf4d02e84c99d7	60	MobiDBLite	mobidb-lite	consensus disorder prediction	1	31	-	T	15-04-2024	-	-
maker-E.canG7_contigs_8625-pred_gff_blastx-gene-0.10-mRNA-1	ce688d2ed8afb406f7681555a4ead464	51	MobiDBLite	mobidb-lite	consensus disorder prediction	32	51	-	T	15-04-2024	-	-
maker-E.canG7_contigs_0161-pred_gff_blastx-gene-0.5-mRNA-1	f66b3396eda7558e6aac7863ade3adf7	98	PANTHER	PTHR11371	DEOXYRIBONUCLEASE	8	96	7.7E-26	T	15-04-2024	-	-
maker-E.canG7_contigs_0161-pred_gff_blastx-gene-0.5-mRNA-1	f66b3396eda7558e6aac7863ade3adf7	98	PANTHER	PTHR11371:SF27	DEOXYRIBONUCLEASE-1	8	96	7.7E-26	T	15-04-2024	-	-
maker-E.canG7_contigs_0161-pred_gff_blastx-gene-0.5-mRNA-1	f66b3396eda7558e6aac7863ade3adf7	98	SUPERFAMILY	SSF56219	DNase I-like	6	95	1.39E-7	T	15-04-2024	IPR036691	Endonuclease/exonuclease/phosphatase superfamily
maker-E.canG7_contigs_0161-pred_gff_blastx-gene-0.5-mRNA-1	f66b3396eda7558e6aac7863ade3adf7	98	Gene3D	G3DSA:3.60.10.10	Endonuclease/exonuclease/phosphatase	1	97	1.1E-21	T	15-04-2024	IPR036691	Endonuclease/exonuclease/phosphatase superfamily
maker-E.canG7_contigs_0161-pred_gff_blastx-gene-0.5-mRNA-1	f66b3396eda7558e6aac7863ade3adf7	98	PRINTS	PR00130	DNase I signature	5	34	5.0E-18	T	15-04-2024	IPR016202	Deoxyribonuclease I
maker-E.canG7_contigs_0161-pred_gff_blastx-gene-0.5-mRNA-1	f66b3396eda7558e6aac7863ade3adf7	98	PRINTS	PR00130	DNase I signature	35	64	5.0E-18	T	15-04-2024	IPR016202	Deoxyribonuclease I
maker-E.canG7_contigs_0161-pred_gff_blastx-gene-0.5-mRNA-1	f66b3396eda7558e6aac7863ade3adf7	98	PRINTS	PR00130	DNase I signature	65	94	5.0E-18	T	15-04-2024	IPR016202	Deoxyribonuclease I
maker-E.canG7_contigs_0161-pred_gff_blastx-gene-0.5-mRNA-1	f66b3396eda7558e6aac7863ade3adf7	98	SMART	SM00476	dnai3	2	97	0.0012	T	15-04-2024	IPR016202	Deoxyribonuclease I
maker-E.canG7_contigs_5184-pred_gff_protein2genome-gene-0.6-mRNA-1	03d5a399d6b18beb4dae7ba65f8fb1a6	116	MobiDBLite	mobidb-lite	consensus disorder prediction	43	74	-	T	15-04-2024	-	-
maker-E.canG7_contigs_0358-pred_gff_blastx-gene-0.2-mRNA-1	b0b128b00c6f56f70f82bbfbef8844cc	83	MobiDBLite	mobidb-lite	consensus disorder prediction	8	22	-	T	15-04-2024	-	-
maker-E.canG7_contigs_0358-pred_gff_blastx-gene-0.2-mRNA-1	b0b128b00c6f56f70f82bbfbef8844cc	83	MobiDBLite	mobidb-lite	consensus disorder prediction	8	33	-	T	15-04-2024	-	-
maker-E.canG7_contigs_4879-pred_gff_blastx-gene-0.13-mRNA-1	946f76816e60567a9a6f98f902f95d63	68	MobiDBLite	mobidb-lite	consensus disorder prediction	46	68	-	T	15-04-2024	-	-
maker-E.canG7_contigs_8304-pred_gff_blastx-gene-0.5-mRNA-1	ca59402082412d48c7b032bfdae696c5	182	ProSiteProfiles	PS50093	Polycystic kidney disease (PKD) domain profile.	108	149	8.8097	T	15-04-2024	IPR000601	PKD domain
maker-E.canG7_contigs_8304-pred_gff_blastx-gene-0.5-mRNA-1	ca59402082412d48c7b032bfdae696c5	182	Gene3D	G3DSA:2.60.40.10	Immunoglobulins	93	175	7.7E-6	T	15-04-2024	IPR013783	Immunoglobulin-like fold
maker-E.canG7_contigs_8304-pred_gff_blastx-gene-0.5-mRNA-1	ca59402082412d48c7b032bfdae696c5	182	SUPERFAMILY	SSF49299	PKD domain	90	155	9.68E-7	T	15-04-2024	IPR035986	PKD domain superfamily
augustus_masked-E.canG7_contigs_4904-processed-gene-0.0-mRNA-1	657d1e58aade79241cd0bed930740e96	116	MobiDBLite	mobidb-lite	consensus disorder prediction	80	99	-	T	15-04-2024	-	-
augustus_masked-E.canG7_contigs_4904-processed-gene-0.0-mRNA-1	657d1e58aade79241cd0bed930740e96	116	MobiDBLite	mobidb-lite	consensus disorder prediction	64	99	-	T	15-04-2024	-	-
augustus_masked-E.canG7_contigs_3695-processed-gene-0.0-mRNA-1	657d1e58aade79241cd0bed930740e96	116	MobiDBLite	mobidb-lite	consensus disorder prediction	80	99	-	T	15-04-2024	-	-
augustus_masked-E.canG7_contigs_3695-processed-gene-0.0-mRNA-1	657d1e58aade79241cd0bed930740e96	116	MobiDBLite	mobidb-lite	consensus disorder prediction	64	99	-	T	15-04-2024	-	-
augustus_masked-E.canG7_contigs_0663-processed-gene-0.0-mRNA-1	657d1e58aade79241cd0bed930740e96	116	MobiDBLite	mobidb-lite	consensus disorder prediction	80	99	-	T	15-04-2024	-	-
augustus_masked-E.canG7_contigs_0663-processed-gene-0.0-mRNA-1	657d1e58aade79241cd0bed930740e96	116	MobiDBLite	mobidb-lite	consensus disorder prediction	64	99	-	T	15-04-2024	-	-
augustus_masked-E.canG7_contigs_1359-processed-gene-0.0-mRNA-1	657d1e58aade79241cd0bed930740e96	116	MobiDBLite	mobidb-lite	consensus disorder prediction	80	99	-	T	15-04-2024	-	-
augustus_masked-E.canG7_contigs_1359-processed-gene-0.0-mRNA-1	657d1e58aade79241cd0bed930740e96	116	MobiDBLite	mobidb-lite	consensus disorder prediction	64	99	-	T	15-04-2024	-	-
augustus_masked-E.canG7_contigs_1470-processed-gene-0.0-mRNA-1	657d1e58aade79241cd0bed930740e96	116	MobiDBLite	mobidb-lite	consensus disorder prediction	80	99	-	T	15-04-2024	-	-
augustus_masked-E.canG7_contigs_1470-processed-gene-0.0-mRNA-1	657d1e58aade79241cd0bed930740e96	116	MobiDBLite	mobidb-lite	consensus disorder prediction	64	99	-	T	15-04-2024	-	-
augustus_masked-E.canG7_contigs_5307-processed-gene-0.0-mRNA-1	657d1e58aade79241cd0bed930740e96	116	MobiDBLite	mobidb-lite	consensus disorder prediction	80	99	-	T	15-04-2024	-	-
augustus_masked-E.canG7_contigs_5307-processed-gene-0.0-mRNA-1	657d1e58aade79241cd0bed930740e96	116	MobiDBLite	mobidb-lite	consensus disorder prediction	64	99	-	T	15-04-2024	-	-
augustus_masked-E.canG7_contigs_1449-processed-gene-0.0-mRNA-1	657d1e58aade79241cd0bed930740e96	116	MobiDBLite	mobidb-lite	consensus disorder prediction	80	99	-	T	15-04-2024	-	-
augustus_masked-E.canG7_contigs_1449-processed-gene-0.0-mRNA-1	657d1e58aade79241cd0bed930740e96	116	MobiDBLite	mobidb-lite	consensus disorder prediction	64	99	-	T	15-04-2024	-	-
augustus_masked-E.canG7_contigs_5213-processed-gene-0.0-mRNA-1	657d1e58aade79241cd0bed930740e96	116	MobiDBLite	mobidb-lite	consensus disorder prediction	80	99	-	T	15-04-2024	-	-
augustus_masked-E.canG7_contigs_5213-processed-gene-0.0-mRNA-1	657d1e58aade79241cd0bed930740e96	116	MobiDBLite	mobidb-lite	consensus disorder prediction	64	99	-	T	15-04-2024	-	-
augustus_masked-E.canG7_contigs_4472-processed-gene-0.0-mRNA-1	657d1e58aade79241cd0bed930740e96	116	MobiDBLite	mobidb-lite	consensus disorder prediction	80	99	-	T	15-04-2024	-	-
augustus_masked-E.canG7_contigs_4472-processed-gene-0.0-mRNA-1	657d1e58aade79241cd0bed930740e96	116	MobiDBLite	mobidb-lite	consensus disorder prediction	64	99	-	T	15-04-2024	-	-
maker-E.canG7_contigs_5865-pred_gff_blastx-gene-0.5-mRNA-1	1fe94e645eb859a1d6cea5bb9e1fca71	139	MobiDBLite	mobidb-lite	consensus disorder prediction	91	115	-	T	15-04-2024	-	-
maker-E.canG7_contigs_7130-pred_gff_blastx-gene-2.147-mRNA-1	cc14dc585b844180ed9064781380a75d	112	MobiDBLite	mobidb-lite	consensus disorder prediction	53	90	-	T	15-04-2024	-	-
maker-E.canG7_contigs_7130-pred_gff_blastx-gene-2.147-mRNA-1	cc14dc585b844180ed9064781380a75d	112	MobiDBLite	mobidb-lite	consensus disorder prediction	52	112	-	T	15-04-2024	-	-
maker-E.canG7_contigs_2937-pred_gff_cdna2genome-gene-0.8-mRNA-1	fe5798497e97c4a75f8db25594e7314e	127	PANTHER	PTHR12879	SPHINGOLIPID DELTA 4 DESATURASE/C-4 HYDROXYLASE PROTEIN DES2	3	122	4.8E-36	T	15-04-2024	-	-
maker-E.canG7_contigs_0502-pred_gff_cdna2genome-gene-0.10-mRNA-1	fe5798497e97c4a75f8db25594e7314e	127	PANTHER	PTHR12879	SPHINGOLIPID DELTA 4 DESATURASE/C-4 HYDROXYLASE PROTEIN DES2	3	122	4.8E-36	T	15-04-2024	-	-
maker-E.canG7_contigs_7743-pred_gff_blastx-gene-0.164-mRNA-1	b93ed9dd96686e0313d2ad38893fad4d	102	MobiDBLite	mobidb-lite	consensus disorder prediction	68	102	-	T	15-04-2024	-	-
maker-E.canG7_contigs_1383-pred_gff_cdna2genome-gene-0.327-mRNA-1	7cd5c1a820cacebd2d23f722347f903d	740	SUPERFAMILY	SSF52777	CoA-dependent acyltransferases	524	738	2.22E-30	T	15-04-2024	-	-
maker-E.canG7_contigs_1383-pred_gff_cdna2genome-gene-0.327-mRNA-1	7cd5c1a820cacebd2d23f722347f903d	740	Gene3D	G3DSA:3.30.559.70	-	215	524	2.5E-97	T	15-04-2024	IPR042231	Choline/Carnitine o-acyltransferase, domain 2
maker-E.canG7_contigs_1383-pred_gff_cdna2genome-gene-0.327-mRNA-1	7cd5c1a820cacebd2d23f722347f903d	740	PANTHER	PTHR22589	CARNITINE O-ACYLTRANSFERASE	67	680	1.4E-111	T	15-04-2024	IPR000542	Acyltransferase ChoActase/COT/CPT
maker-E.canG7_contigs_1383-pred_gff_cdna2genome-gene-0.327-mRNA-1	7cd5c1a820cacebd2d23f722347f903d	740	Coils	Coil	Coil	740	740	-	T	15-04-2024	-	-
maker-E.canG7_contigs_1383-pred_gff_cdna2genome-gene-0.327-mRNA-1	7cd5c1a820cacebd2d23f722347f903d	740	Gene3D	G3DSA:3.30.559.10	-	154	735	2.5E-97	T	15-04-2024	IPR023213	Chloramphenicol acetyltransferase-like domain superfamily
maker-E.canG7_contigs_1383-pred_gff_cdna2genome-gene-0.327-mRNA-1	7cd5c1a820cacebd2d23f722347f903d	740	PANTHER	PTHR22589:SF31	CARNITINE PALMITOYLTRANSFERASE I	67	680	1.4E-111	T	15-04-2024	-	-
maker-E.canG7_contigs_1383-pred_gff_cdna2genome-gene-0.327-mRNA-1	7cd5c1a820cacebd2d23f722347f903d	740	SUPERFAMILY	SSF52777	CoA-dependent acyltransferases	146	511	3.16E-60	T	15-04-2024	-	-
maker-E.canG7_contigs_1383-pred_gff_cdna2genome-gene-0.327-mRNA-1	7cd5c1a820cacebd2d23f722347f903d	740	Pfam	PF00755	Choline/Carnitine o-acyltransferase	158	654	3.2E-92	T	15-04-2024	IPR039551	Choline/carnitine acyltransferase domain
maker-E.canG7_contigs_1383-pred_gff_cdna2genome-gene-0.328-mRNA-1	7cd5c1a820cacebd2d23f722347f903d	740	SUPERFAMILY	SSF52777	CoA-dependent acyltransferases	524	738	2.22E-30	T	15-04-2024	-	-
maker-E.canG7_contigs_1383-pred_gff_cdna2genome-gene-0.328-mRNA-1	7cd5c1a820cacebd2d23f722347f903d	740	Gene3D	G3DSA:3.30.559.70	-	215	524	2.5E-97	T	15-04-2024	IPR042231	Choline/Carnitine o-acyltransferase, domain 2
maker-E.canG7_contigs_1383-pred_gff_cdna2genome-gene-0.328-mRNA-1	7cd5c1a820cacebd2d23f722347f903d	740	PANTHER	PTHR22589	CARNITINE O-ACYLTRANSFERASE	67	680	1.4E-111	T	15-04-2024	IPR000542	Acyltransferase ChoActase/COT/CPT
maker-E.canG7_contigs_1383-pred_gff_cdna2genome-gene-0.328-mRNA-1	7cd5c1a820cacebd2d23f722347f903d	740	Coils	Coil	Coil	740	740	-	T	15-04-2024	-	-
maker-E.canG7_contigs_1383-pred_gff_cdna2genome-gene-0.328-mRNA-1	7cd5c1a820cacebd2d23f722347f903d	740	Gene3D	G3DSA:3.30.559.10	-	154	735	2.5E-97	T	15-04-2024	IPR023213	Chloramphenicol acetyltransferase-like domain superfamily
maker-E.canG7_contigs_1383-pred_gff_cdna2genome-gene-0.328-mRNA-1	7cd5c1a820cacebd2d23f722347f903d	740	PANTHER	PTHR22589:SF31	CARNITINE PALMITOYLTRANSFERASE I	67	680	1.4E-111	T	15-04-2024	-	-
maker-E.canG7_contigs_1383-pred_gff_cdna2genome-gene-0.328-mRNA-1	7cd5c1a820cacebd2d23f722347f903d	740	SUPERFAMILY	SSF52777	CoA-dependent acyltransferases	146	511	3.16E-60	T	15-04-2024	-	-
maker-E.canG7_contigs_1383-pred_gff_cdna2genome-gene-0.328-mRNA-1	7cd5c1a820cacebd2d23f722347f903d	740	Pfam	PF00755	Choline/Carnitine o-acyltransferase	158	654	3.2E-92	T	15-04-2024	IPR039551	Choline/carnitine acyltransferase domain
maker-E.canG7_contigs_1436-pred_gff_blastx-gene-0.6-mRNA-1	933ffee68062752f927083a8d3def67f	115	Gene3D	G3DSA:1.10.506.10	-	4	111	3.7E-5	T	15-04-2024	IPR008936	Rho GTPase activation protein
maker-E.canG7_contigs_1098-pred_gff_blastx-gene-0.5-mRNA-1	933ffee68062752f927083a8d3def67f	115	Gene3D	G3DSA:1.10.506.10	-	4	111	3.7E-5	T	15-04-2024	IPR008936	Rho GTPase activation protein
maker-E.canG7_contigs_3729-pred_gff_protein2genome-gene-0.14-mRNA-1	203ffe6531b6494bc0afd30a6f8e0679	181	MobiDBLite	mobidb-lite	consensus disorder prediction	98	137	-	T	15-04-2024	-	-
maker-E.canG7_contigs_3729-pred_gff_protein2genome-gene-0.14-mRNA-1	203ffe6531b6494bc0afd30a6f8e0679	181	MobiDBLite	mobidb-lite	consensus disorder prediction	98	135	-	T	15-04-2024	-	-
maker-E.canG7_contigs_4061-pred_gff_cdna2genome-gene-0.7-mRNA-1	13d2e31e7b4164d28c0b3edce37d6e47	546	Gene3D	G3DSA:2.10.70.10	Complement Module, domain 1	313	363	8.9E-6	T	15-04-2024	-	-
maker-E.canG7_contigs_4061-pred_gff_cdna2genome-gene-0.7-mRNA-1	13d2e31e7b4164d28c0b3edce37d6e47	546	Gene3D	G3DSA:3.10.100.10	-	33	218	5.2E-6	T	15-04-2024	IPR016186	C-type lectin-like/link domain superfamily
maker-E.canG7_contigs_4061-pred_gff_cdna2genome-gene-0.7-mRNA-1	13d2e31e7b4164d28c0b3edce37d6e47	546	SUPERFAMILY	SSF56436	C-type lectin-like	34	212	7.81E-6	T	15-04-2024	IPR016187	C-type lectin fold
maker-E.canG7_contigs_4061-pred_gff_cdna2genome-gene-0.7-mRNA-1	13d2e31e7b4164d28c0b3edce37d6e47	546	ProSiteProfiles	PS50923	Sushi/CCP/SCR domain profile.	309	385	8.706603	T	15-04-2024	IPR000436	Sushi/SCR/CCP domain
maker-E.canG7_contigs_4579-pred_gff_cdna2genome-gene-0.13-mRNA-1	64a569e40078cfe4640a192d0e7a563a	297	Gene3D	G3DSA:3.40.50.1240	-	73	289	3.8E-55	T	15-04-2024	IPR029033	Histidine phosphatase superfamily
maker-E.canG7_contigs_4579-pred_gff_cdna2genome-gene-0.13-mRNA-1	64a569e40078cfe4640a192d0e7a563a	297	Pfam	PF00328	Histidine phosphatase superfamily (branch 2)	104	266	7.9E-10	T	15-04-2024	IPR000560	Histidine phosphatase superfamily, clade-2
maker-E.canG7_contigs_4579-pred_gff_cdna2genome-gene-0.13-mRNA-1	64a569e40078cfe4640a192d0e7a563a	297	SUPERFAMILY	SSF53254	Phosphoglycerate mutase-like	74	279	2.08E-45	T	15-04-2024	IPR029033	Histidine phosphatase superfamily
maker-E.canG7_contigs_4579-pred_gff_cdna2genome-gene-0.13-mRNA-1	64a569e40078cfe4640a192d0e7a563a	297	CDD	cd07061	HP_HAP_like	74	191	3.82687E-22	T	15-04-2024	IPR000560	Histidine phosphatase superfamily, clade-2
maker-E.canG7_contigs_4579-pred_gff_cdna2genome-gene-0.13-mRNA-1	64a569e40078cfe4640a192d0e7a563a	297	PANTHER	PTHR11567	ACID PHOSPHATASE-RELATED	58	280	7.8E-50	T	15-04-2024	-	-
maker-E.canG7_contigs_4579-pred_gff_cdna2genome-gene-0.13-mRNA-1	64a569e40078cfe4640a192d0e7a563a	297	PANTHER	PTHR11567:SF180	LYSOSOMAL ACID PHOSPHATASE	58	280	7.8E-50	T	15-04-2024	-	-
maker-E.canG7_contigs_6522-pred_gff_blastx-gene-0.7-mRNA-1	6b3ae428cb68bdd9360f82e782354e9f	90	MobiDBLite	mobidb-lite	consensus disorder prediction	1	39	-	T	15-04-2024	-	-
maker-E.canG7_contigs_6522-pred_gff_blastx-gene-0.7-mRNA-1	6b3ae428cb68bdd9360f82e782354e9f	90	MobiDBLite	mobidb-lite	consensus disorder prediction	1	26	-	T	15-04-2024	-	-
maker-E.canG7_contigs_6622-pred_gff_blastx-gene-0.5-mRNA-1	fe804cc9dca2841371883022285399ba	139	MobiDBLite	mobidb-lite	consensus disorder prediction	87	116	-	T	15-04-2024	-	-
maker-E.canG7_contigs_5866-pred_gff_blastx-gene-0.5-mRNA-1	fe804cc9dca2841371883022285399ba	139	MobiDBLite	mobidb-lite	consensus disorder prediction	87	116	-	T	15-04-2024	-	-
maker-E.canG7_contigs_6064-pred_gff_blastx-gene-0.11-mRNA-1	fe804cc9dca2841371883022285399ba	139	MobiDBLite	mobidb-lite	consensus disorder prediction	87	116	-	T	15-04-2024	-	-
maker-E.canG7_contigs_2642-pred_gff_blastx-gene-0.6-mRNA-1	fe804cc9dca2841371883022285399ba	139	MobiDBLite	mobidb-lite	consensus disorder prediction	87	116	-	T	15-04-2024	-	-
maker-E.canG7_contigs_8972-pred_gff_blastx-gene-0.5-mRNA-1	fe804cc9dca2841371883022285399ba	139	MobiDBLite	mobidb-lite	consensus disorder prediction	87	116	-	T	15-04-2024	-	-
maker-E.canG7_contigs_6848-pred_gff_blastx-gene-0.5-mRNA-1	fe804cc9dca2841371883022285399ba	139	MobiDBLite	mobidb-lite	consensus disorder prediction	87	116	-	T	15-04-2024	-	-
maker-E.canG7_contigs_6211-pred_gff_cdna2genome-gene-0.3-mRNA-1	0bd625497f21459cfbac37d84c248258	43	MobiDBLite	mobidb-lite	consensus disorder prediction	1	36	-	T	15-04-2024	-	-
maker-E.canG7_contigs_6211-pred_gff_cdna2genome-gene-0.3-mRNA-1	0bd625497f21459cfbac37d84c248258	43	MobiDBLite	mobidb-lite	consensus disorder prediction	1	43	-	T	15-04-2024	-	-
maker-E.canG7_contigs_2012-pred_gff_blastx-gene-0.15-mRNA-1	e5f581a80e46a2b307cf2c2103a9c66c	132	SUPERFAMILY	SSF49265	Fibronectin type III	28	114	5.7E-6	T	15-04-2024	IPR036116	Fibronectin type III superfamily
maker-E.canG7_contigs_4713-pred_gff_blastx-gene-0.3-mRNA-1	37d65a18db9b134c21fdd537692ce9e9	182	SUPERFAMILY	SSF49299	PKD domain	86	155	1.2E-6	T	15-04-2024	IPR035986	PKD domain superfamily
maker-E.canG7_contigs_4713-pred_gff_blastx-gene-0.3-mRNA-1	37d65a18db9b134c21fdd537692ce9e9	182	Gene3D	G3DSA:2.60.40.10	Immunoglobulins	93	175	7.7E-6	T	15-04-2024	IPR013783	Immunoglobulin-like fold
maker-E.canG7_contigs_4713-pred_gff_blastx-gene-0.3-mRNA-1	37d65a18db9b134c21fdd537692ce9e9	182	ProSiteProfiles	PS50093	Polycystic kidney disease (PKD) domain profile.	108	149	8.8097	T	15-04-2024	IPR000601	PKD domain
maker-E.canG7_contigs_4201-pred_gff_blastx-gene-0.3-mRNA-1	37d65a18db9b134c21fdd537692ce9e9	182	SUPERFAMILY	SSF49299	PKD domain	86	155	1.2E-6	T	15-04-2024	IPR035986	PKD domain superfamily
maker-E.canG7_contigs_4201-pred_gff_blastx-gene-0.3-mRNA-1	37d65a18db9b134c21fdd537692ce9e9	182	Gene3D	G3DSA:2.60.40.10	Immunoglobulins	93	175	7.7E-6	T	15-04-2024	IPR013783	Immunoglobulin-like fold
maker-E.canG7_contigs_4201-pred_gff_blastx-gene-0.3-mRNA-1	37d65a18db9b134c21fdd537692ce9e9	182	ProSiteProfiles	PS50093	Polycystic kidney disease (PKD) domain profile.	108	149	8.8097	T	15-04-2024	IPR000601	PKD domain
maker-E.canG7_contigs_3978-pred_gff_protein2genome-gene-0.3-mRNA-1	6d6edce12eb6217d111b9963c2509a5a	57	MobiDBLite	mobidb-lite	consensus disorder prediction	1	17	-	T	15-04-2024	-	-
maker-E.canG7_contigs_3978-pred_gff_protein2genome-gene-0.3-mRNA-1	6d6edce12eb6217d111b9963c2509a5a	57	MobiDBLite	mobidb-lite	consensus disorder prediction	1	28	-	T	15-04-2024	-	-
maker-E.canG7_contigs_4867-pred_gff_protein2genome-gene-0.31-mRNA-1	f6bcbd17c271ac3869d6d918f58a57a3	509	CDD	cd00029	C1	393	442	4.50205E-18	T	15-04-2024	IPR002219	Protein kinase C-like, phorbol ester/diacylglycerol-binding domain
maker-E.canG7_contigs_4867-pred_gff_protein2genome-gene-0.31-mRNA-1	f6bcbd17c271ac3869d6d918f58a57a3	509	Pfam	PF00130	Phorbol esters/diacylglycerol binding domain (C1 domain)	393	442	2.2E-13	T	15-04-2024	IPR002219	Protein kinase C-like, phorbol ester/diacylglycerol-binding domain
maker-E.canG7_contigs_4867-pred_gff_protein2genome-gene-0.31-mRNA-1	f6bcbd17c271ac3869d6d918f58a57a3	509	Gene3D	G3DSA:3.30.505.10	SH2 domain	22	129	1.1E-22	T	15-04-2024	IPR036860	SH2 domain superfamily
maker-E.canG7_contigs_4867-pred_gff_protein2genome-gene-0.31-mRNA-1	f6bcbd17c271ac3869d6d918f58a57a3	509	ProSiteProfiles	PS50238	Rho GTPase-activating proteins domain profile.	455	509	16.12702	T	15-04-2024	IPR000198	Rho GTPase-activating protein domain
maker-E.canG7_contigs_4867-pred_gff_protein2genome-gene-0.31-mRNA-1	f6bcbd17c271ac3869d6d918f58a57a3	509	MobiDBLite	mobidb-lite	consensus disorder prediction	282	342	-	T	15-04-2024	-	-
maker-E.canG7_contigs_4867-pred_gff_protein2genome-gene-0.31-mRNA-1	f6bcbd17c271ac3869d6d918f58a57a3	509	PANTHER	PTHR46075	CHIMERIN FAMILY MEMBER	9	159	6.7E-89	T	15-04-2024	-	-
maker-E.canG7_contigs_4867-pred_gff_protein2genome-gene-0.31-mRNA-1	f6bcbd17c271ac3869d6d918f58a57a3	509	PANTHER	PTHR46075	CHIMERIN FAMILY MEMBER	384	509	6.7E-89	T	15-04-2024	-	-
maker-E.canG7_contigs_4867-pred_gff_protein2genome-gene-0.31-mRNA-1	f6bcbd17c271ac3869d6d918f58a57a3	509	SMART	SM00109	c1_12	393	442	4.4E-15	T	15-04-2024	IPR002219	Protein kinase C-like, phorbol ester/diacylglycerol-binding domain
maker-E.canG7_contigs_4867-pred_gff_protein2genome-gene-0.31-mRNA-1	f6bcbd17c271ac3869d6d918f58a57a3	509	MobiDBLite	mobidb-lite	consensus disorder prediction	285	315	-	T	15-04-2024	-	-
maker-E.canG7_contigs_4867-pred_gff_protein2genome-gene-0.31-mRNA-1	f6bcbd17c271ac3869d6d918f58a57a3	509	MobiDBLite	mobidb-lite	consensus disorder prediction	316	338	-	T	15-04-2024	-	-
maker-E.canG7_contigs_4867-pred_gff_protein2genome-gene-0.31-mRNA-1	f6bcbd17c271ac3869d6d918f58a57a3	509	MobiDBLite	mobidb-lite	consensus disorder prediction	198	243	-	T	15-04-2024	-	-
maker-E.canG7_contigs_4867-pred_gff_protein2genome-gene-0.31-mRNA-1	f6bcbd17c271ac3869d6d918f58a57a3	509	SUPERFAMILY	SSF48350	GTPase activation domain, GAP	451	508	2.35E-12	T	15-04-2024	IPR008936	Rho GTPase activation protein
maker-E.canG7_contigs_4867-pred_gff_protein2genome-gene-0.31-mRNA-1	f6bcbd17c271ac3869d6d918f58a57a3	509	Pfam	PF00017	SH2 domain	45	117	6.2E-14	T	15-04-2024	IPR000980	SH2 domain
maker-E.canG7_contigs_4867-pred_gff_protein2genome-gene-0.31-mRNA-1	f6bcbd17c271ac3869d6d918f58a57a3	509	PANTHER	PTHR46075:SF2	RHO GTPASE ACTIVATING PROTEIN AT 5A, ISOFORM A	9	159	6.7E-89	T	15-04-2024	-	-
maker-E.canG7_contigs_4867-pred_gff_protein2genome-gene-0.31-mRNA-1	f6bcbd17c271ac3869d6d918f58a57a3	509	PANTHER	PTHR46075:SF2	RHO GTPASE ACTIVATING PROTEIN AT 5A, ISOFORM A	384	509	6.7E-89	T	15-04-2024	-	-
maker-E.canG7_contigs_4867-pred_gff_protein2genome-gene-0.31-mRNA-1	f6bcbd17c271ac3869d6d918f58a57a3	509	Gene3D	G3DSA:3.30.60.20	-	385	453	4.4E-24	T	15-04-2024	-	-
maker-E.canG7_contigs_4867-pred_gff_protein2genome-gene-0.31-mRNA-1	f6bcbd17c271ac3869d6d918f58a57a3	509	PRINTS	PR00008	Diacylglycerol/phorbol-ester binding signature	431	443	2.4E-8	T	15-04-2024	IPR020454	Diacylglycerol/phorbol-ester binding
maker-E.canG7_contigs_4867-pred_gff_protein2genome-gene-0.31-mRNA-1	f6bcbd17c271ac3869d6d918f58a57a3	509	PRINTS	PR00008	Diacylglycerol/phorbol-ester binding signature	390	404	2.4E-8	T	15-04-2024	IPR020454	Diacylglycerol/phorbol-ester binding
maker-E.canG7_contigs_4867-pred_gff_protein2genome-gene-0.31-mRNA-1	f6bcbd17c271ac3869d6d918f58a57a3	509	PRINTS	PR00008	Diacylglycerol/phorbol-ester binding signature	419	430	2.4E-8	T	15-04-2024	IPR020454	Diacylglycerol/phorbol-ester binding
maker-E.canG7_contigs_4867-pred_gff_protein2genome-gene-0.31-mRNA-1	f6bcbd17c271ac3869d6d918f58a57a3	509	PRINTS	PR00008	Diacylglycerol/phorbol-ester binding signature	406	415	2.4E-8	T	15-04-2024	IPR020454	Diacylglycerol/phorbol-ester binding
maker-E.canG7_contigs_4867-pred_gff_protein2genome-gene-0.31-mRNA-1	f6bcbd17c271ac3869d6d918f58a57a3	509	SUPERFAMILY	SSF55550	SH2 domain	10	137	3.64E-22	T	15-04-2024	IPR036860	SH2 domain superfamily
maker-E.canG7_contigs_4867-pred_gff_protein2genome-gene-0.31-mRNA-1	f6bcbd17c271ac3869d6d918f58a57a3	509	SUPERFAMILY	SSF57889	Cysteine-rich domain	384	446	3.59E-17	T	15-04-2024	IPR046349	C1-like domain superfamily
maker-E.canG7_contigs_4867-pred_gff_protein2genome-gene-0.31-mRNA-1	f6bcbd17c271ac3869d6d918f58a57a3	509	SMART	SM00252	SH2_5	42	129	7.1E-12	T	15-04-2024	IPR000980	SH2 domain
maker-E.canG7_contigs_4867-pred_gff_protein2genome-gene-0.31-mRNA-1	f6bcbd17c271ac3869d6d918f58a57a3	509	ProSiteProfiles	PS50001	Src homology 2 (SH2) domain profile.	44	116	13.93389	T	15-04-2024	IPR000980	SH2 domain
maker-E.canG7_contigs_4867-pred_gff_protein2genome-gene-0.31-mRNA-1	f6bcbd17c271ac3869d6d918f58a57a3	509	ProSitePatterns	PS00479	Zinc finger phorbol-ester/DAG-type signature.	393	442	-	T	15-04-2024	IPR002219	Protein kinase C-like, phorbol ester/diacylglycerol-binding domain
maker-E.canG7_contigs_4867-pred_gff_protein2genome-gene-0.31-mRNA-1	f6bcbd17c271ac3869d6d918f58a57a3	509	Gene3D	G3DSA:1.10.555.10	Rho GTPase activation protein	454	509	1.4E-13	T	15-04-2024	IPR008936	Rho GTPase activation protein
maker-E.canG7_contigs_4867-pred_gff_protein2genome-gene-0.31-mRNA-1	f6bcbd17c271ac3869d6d918f58a57a3	509	ProSiteProfiles	PS50081	Zinc finger phorbol-ester/DAG-type profile.	392	442	15.2558	T	15-04-2024	IPR002219	Protein kinase C-like, phorbol ester/diacylglycerol-binding domain
maker-E.canG7_contigs_3770-pred_gff_protein2genome-gene-0.10-mRNA-1	f6bcbd17c271ac3869d6d918f58a57a3	509	CDD	cd00029	C1	393	442	4.50205E-18	T	15-04-2024	IPR002219	Protein kinase C-like, phorbol ester/diacylglycerol-binding domain
maker-E.canG7_contigs_3770-pred_gff_protein2genome-gene-0.10-mRNA-1	f6bcbd17c271ac3869d6d918f58a57a3	509	Pfam	PF00130	Phorbol esters/diacylglycerol binding domain (C1 domain)	393	442	2.2E-13	T	15-04-2024	IPR002219	Protein kinase C-like, phorbol ester/diacylglycerol-binding domain
maker-E.canG7_contigs_3770-pred_gff_protein2genome-gene-0.10-mRNA-1	f6bcbd17c271ac3869d6d918f58a57a3	509	Gene3D	G3DSA:3.30.505.10	SH2 domain	22	129	1.1E-22	T	15-04-2024	IPR036860	SH2 domain superfamily
maker-E.canG7_contigs_3770-pred_gff_protein2genome-gene-0.10-mRNA-1	f6bcbd17c271ac3869d6d918f58a57a3	509	ProSiteProfiles	PS50238	Rho GTPase-activating proteins domain profile.	455	509	16.12702	T	15-04-2024	IPR000198	Rho GTPase-activating protein domain
maker-E.canG7_contigs_3770-pred_gff_protein2genome-gene-0.10-mRNA-1	f6bcbd17c271ac3869d6d918f58a57a3	509	MobiDBLite	mobidb-lite	consensus disorder prediction	282	342	-	T	15-04-2024	-	-
maker-E.canG7_contigs_3770-pred_gff_protein2genome-gene-0.10-mRNA-1	f6bcbd17c271ac3869d6d918f58a57a3	509	PANTHER	PTHR46075	CHIMERIN FAMILY MEMBER	9	159	6.7E-89	T	15-04-2024	-	-
maker-E.canG7_contigs_3770-pred_gff_protein2genome-gene-0.10-mRNA-1	f6bcbd17c271ac3869d6d918f58a57a3	509	PANTHER	PTHR46075	CHIMERIN FAMILY MEMBER	384	509	6.7E-89	T	15-04-2024	-	-
maker-E.canG7_contigs_3770-pred_gff_protein2genome-gene-0.10-mRNA-1	f6bcbd17c271ac3869d6d918f58a57a3	509	SMART	SM00109	c1_12	393	442	4.4E-15	T	15-04-2024	IPR002219	Protein kinase C-like, phorbol ester/diacylglycerol-binding domain
maker-E.canG7_contigs_3770-pred_gff_protein2genome-gene-0.10-mRNA-1	f6bcbd17c271ac3869d6d918f58a57a3	509	MobiDBLite	mobidb-lite	consensus disorder prediction	285	315	-	T	15-04-2024	-	-
maker-E.canG7_contigs_3770-pred_gff_protein2genome-gene-0.10-mRNA-1	f6bcbd17c271ac3869d6d918f58a57a3	509	MobiDBLite	mobidb-lite	consensus disorder prediction	316	338	-	T	15-04-2024	-	-
maker-E.canG7_contigs_3770-pred_gff_protein2genome-gene-0.10-mRNA-1	f6bcbd17c271ac3869d6d918f58a57a3	509	MobiDBLite	mobidb-lite	consensus disorder prediction	198	243	-	T	15-04-2024	-	-
maker-E.canG7_contigs_3770-pred_gff_protein2genome-gene-0.10-mRNA-1	f6bcbd17c271ac3869d6d918f58a57a3	509	SUPERFAMILY	SSF48350	GTPase activation domain, GAP	451	508	2.35E-12	T	15-04-2024	IPR008936	Rho GTPase activation protein
maker-E.canG7_contigs_3770-pred_gff_protein2genome-gene-0.10-mRNA-1	f6bcbd17c271ac3869d6d918f58a57a3	509	Pfam	PF00017	SH2 domain	45	117	6.2E-14	T	15-04-2024	IPR000980	SH2 domain
maker-E.canG7_contigs_3770-pred_gff_protein2genome-gene-0.10-mRNA-1	f6bcbd17c271ac3869d6d918f58a57a3	509	PANTHER	PTHR46075:SF2	RHO GTPASE ACTIVATING PROTEIN AT 5A, ISOFORM A	9	159	6.7E-89	T	15-04-2024	-	-
maker-E.canG7_contigs_3770-pred_gff_protein2genome-gene-0.10-mRNA-1	f6bcbd17c271ac3869d6d918f58a57a3	509	PANTHER	PTHR46075:SF2	RHO GTPASE ACTIVATING PROTEIN AT 5A, ISOFORM A	384	509	6.7E-89	T	15-04-2024	-	-
maker-E.canG7_contigs_3770-pred_gff_protein2genome-gene-0.10-mRNA-1	f6bcbd17c271ac3869d6d918f58a57a3	509	Gene3D	G3DSA:3.30.60.20	-	385	453	4.4E-24	T	15-04-2024	-	-
maker-E.canG7_contigs_3770-pred_gff_protein2genome-gene-0.10-mRNA-1	f6bcbd17c271ac3869d6d918f58a57a3	509	PRINTS	PR00008	Diacylglycerol/phorbol-ester binding signature	431	443	2.4E-8	T	15-04-2024	IPR020454	Diacylglycerol/phorbol-ester binding
maker-E.canG7_contigs_3770-pred_gff_protein2genome-gene-0.10-mRNA-1	f6bcbd17c271ac3869d6d918f58a57a3	509	PRINTS	PR00008	Diacylglycerol/phorbol-ester binding signature	390	404	2.4E-8	T	15-04-2024	IPR020454	Diacylglycerol/phorbol-ester binding
maker-E.canG7_contigs_3770-pred_gff_protein2genome-gene-0.10-mRNA-1	f6bcbd17c271ac3869d6d918f58a57a3	509	PRINTS	PR00008	Diacylglycerol/phorbol-ester binding signature	419	430	2.4E-8	T	15-04-2024	IPR020454	Diacylglycerol/phorbol-ester binding
maker-E.canG7_contigs_3770-pred_gff_protein2genome-gene-0.10-mRNA-1	f6bcbd17c271ac3869d6d918f58a57a3	509	PRINTS	PR00008	Diacylglycerol/phorbol-ester binding signature	406	415	2.4E-8	T	15-04-2024	IPR020454	Diacylglycerol/phorbol-ester binding
maker-E.canG7_contigs_3770-pred_gff_protein2genome-gene-0.10-mRNA-1	f6bcbd17c271ac3869d6d918f58a57a3	509	SUPERFAMILY	SSF55550	SH2 domain	10	137	3.64E-22	T	15-04-2024	IPR036860	SH2 domain superfamily
maker-E.canG7_contigs_3770-pred_gff_protein2genome-gene-0.10-mRNA-1	f6bcbd17c271ac3869d6d918f58a57a3	509	SUPERFAMILY	SSF57889	Cysteine-rich domain	384	446	3.59E-17	T	15-04-2024	IPR046349	C1-like domain superfamily
maker-E.canG7_contigs_3770-pred_gff_protein2genome-gene-0.10-mRNA-1	f6bcbd17c271ac3869d6d918f58a57a3	509	SMART	SM00252	SH2_5	42	129	7.1E-12	T	15-04-2024	IPR000980	SH2 domain
maker-E.canG7_contigs_3770-pred_gff_protein2genome-gene-0.10-mRNA-1	f6bcbd17c271ac3869d6d918f58a57a3	509	ProSiteProfiles	PS50001	Src homology 2 (SH2) domain profile.	44	116	13.93389	T	15-04-2024	IPR000980	SH2 domain
maker-E.canG7_contigs_3770-pred_gff_protein2genome-gene-0.10-mRNA-1	f6bcbd17c271ac3869d6d918f58a57a3	509	ProSitePatterns	PS00479	Zinc finger phorbol-ester/DAG-type signature.	393	442	-	T	15-04-2024	IPR002219	Protein kinase C-like, phorbol ester/diacylglycerol-binding domain
maker-E.canG7_contigs_3770-pred_gff_protein2genome-gene-0.10-mRNA-1	f6bcbd17c271ac3869d6d918f58a57a3	509	Gene3D	G3DSA:1.10.555.10	Rho GTPase activation protein	454	509	1.4E-13	T	15-04-2024	IPR008936	Rho GTPase activation protein
maker-E.canG7_contigs_3770-pred_gff_protein2genome-gene-0.10-mRNA-1	f6bcbd17c271ac3869d6d918f58a57a3	509	ProSiteProfiles	PS50081	Zinc finger phorbol-ester/DAG-type profile.	392	442	15.2558	T	15-04-2024	IPR002219	Protein kinase C-like, phorbol ester/diacylglycerol-binding domain
maker-E.canG7_contigs_9202-pred_gff_blastx-gene-0.10-mRNA-1	21247c6a3c6b63351e19b8a745a4b31d	65	MobiDBLite	mobidb-lite	consensus disorder prediction	47	65	-	T	15-04-2024	-	-
maker-E.canG7_contigs_9202-pred_gff_blastx-gene-0.10-mRNA-1	21247c6a3c6b63351e19b8a745a4b31d	65	MobiDBLite	mobidb-lite	consensus disorder prediction	31	65	-	T	15-04-2024	-	-
maker-E.canG7_contigs_4822-pred_gff_blastx-gene-0.18-mRNA-1	5c2721c10111c02593a4fcaa4961fad2	31	MobiDBLite	mobidb-lite	consensus disorder prediction	11	31	-	T	15-04-2024	-	-
maker-E.canG7_contigs_8833-pred_gff_protein2genome-gene-0.5-mRNA-1	b7ff7d0eab74ae533ca32088f5ea6a78	116	MobiDBLite	mobidb-lite	consensus disorder prediction	43	74	-	T	15-04-2024	-	-
maker-E.canG7_contigs_5729-pred_gff_blastx-gene-0.5-mRNA-1	9b74fac107e4c8c532cb9789e796435d	65	MobiDBLite	mobidb-lite	consensus disorder prediction	47	65	-	T	15-04-2024	-	-
maker-E.canG7_contigs_5729-pred_gff_blastx-gene-0.5-mRNA-1	9b74fac107e4c8c532cb9789e796435d	65	MobiDBLite	mobidb-lite	consensus disorder prediction	31	65	-	T	15-04-2024	-	-
maker-E.canG7_contigs_3676-pred_gff_blastx-gene-0.10-mRNA-1	1214ea3b56dd8b1c6f0c6177e67b553b	59	MobiDBLite	mobidb-lite	consensus disorder prediction	31	59	-	T	15-04-2024	-	-
maker-E.canG7_contigs_2626-pred_gff_blastx-gene-0.14-mRNA-1	1214ea3b56dd8b1c6f0c6177e67b553b	59	MobiDBLite	mobidb-lite	consensus disorder prediction	31	59	-	T	15-04-2024	-	-
maker-E.canG7_contigs_7897-pred_gff_blastx-gene-0.8-mRNA-1	1214ea3b56dd8b1c6f0c6177e67b553b	59	MobiDBLite	mobidb-lite	consensus disorder prediction	31	59	-	T	15-04-2024	-	-
maker-E.canG7_contigs_2107-pred_gff_blastx-gene-0.8-mRNA-1	1214ea3b56dd8b1c6f0c6177e67b553b	59	MobiDBLite	mobidb-lite	consensus disorder prediction	31	59	-	T	15-04-2024	-	-
maker-E.canG7_contigs_6054-pred_gff_blastx-gene-0.3-mRNA-1	fbe67a500cb44b319ed0c0bde0e2e234	76	MobiDBLite	mobidb-lite	consensus disorder prediction	1	30	-	T	15-04-2024	-	-
maker-E.canG7_contigs_2993-pred_gff_blastx-gene-0.19-mRNA-1	88fe92e19a1e58f1bbf2f16ae4dce58f	68	PANTHER	PTHR21091	METHYLTETRAHYDROFOLATE:HOMOCYSTEINE METHYLTRANSFERASE RELATED	1	65	5.8E-22	T	15-04-2024	-	-
maker-E.canG7_contigs_2993-pred_gff_blastx-gene-0.19-mRNA-1	88fe92e19a1e58f1bbf2f16ae4dce58f	68	Gene3D	G3DSA:3.20.20.210	-	1	65	4.9E-19	T	15-04-2024	IPR038071	UROD/MetE-like superfamily
maker-E.canG7_contigs_2993-pred_gff_blastx-gene-0.19-mRNA-1	88fe92e19a1e58f1bbf2f16ae4dce58f	68	PANTHER	PTHR21091:SF169	UROPORPHYRINOGEN DECARBOXYLASE	1	65	5.8E-22	T	15-04-2024	-	-
maker-E.canG7_contigs_2993-pred_gff_blastx-gene-0.19-mRNA-1	88fe92e19a1e58f1bbf2f16ae4dce58f	68	SUPERFAMILY	SSF51726	UROD/MetE-like	1	63	1.05E-16	T	15-04-2024	IPR038071	UROD/MetE-like superfamily
maker-E.canG7_contigs_2993-pred_gff_blastx-gene-0.19-mRNA-1	88fe92e19a1e58f1bbf2f16ae4dce58f	68	Pfam	PF01208	Uroporphyrinogen decarboxylase (URO-D)	1	61	8.8E-19	T	15-04-2024	IPR000257	Uroporphyrinogen decarboxylase (URO-D)
maker-E.canG7_contigs_2785-pred_gff_blastx-gene-0.14-mRNA-1	88fe92e19a1e58f1bbf2f16ae4dce58f	68	PANTHER	PTHR21091	METHYLTETRAHYDROFOLATE:HOMOCYSTEINE METHYLTRANSFERASE RELATED	1	65	5.8E-22	T	15-04-2024	-	-
maker-E.canG7_contigs_2785-pred_gff_blastx-gene-0.14-mRNA-1	88fe92e19a1e58f1bbf2f16ae4dce58f	68	Gene3D	G3DSA:3.20.20.210	-	1	65	4.9E-19	T	15-04-2024	IPR038071	UROD/MetE-like superfamily
maker-E.canG7_contigs_2785-pred_gff_blastx-gene-0.14-mRNA-1	88fe92e19a1e58f1bbf2f16ae4dce58f	68	PANTHER	PTHR21091:SF169	UROPORPHYRINOGEN DECARBOXYLASE	1	65	5.8E-22	T	15-04-2024	-	-
maker-E.canG7_contigs_2785-pred_gff_blastx-gene-0.14-mRNA-1	88fe92e19a1e58f1bbf2f16ae4dce58f	68	SUPERFAMILY	SSF51726	UROD/MetE-like	1	63	1.05E-16	T	15-04-2024	IPR038071	UROD/MetE-like superfamily
maker-E.canG7_contigs_2785-pred_gff_blastx-gene-0.14-mRNA-1	88fe92e19a1e58f1bbf2f16ae4dce58f	68	Pfam	PF01208	Uroporphyrinogen decarboxylase (URO-D)	1	61	8.8E-19	T	15-04-2024	IPR000257	Uroporphyrinogen decarboxylase (URO-D)
maker-E.canG7_contigs_6814-pred_gff_blastx-gene-0.12-mRNA-1	64b91ad3a998a909579e05358262a67f	88	MobiDBLite	mobidb-lite	consensus disorder prediction	1	20	-	T	15-04-2024	-	-
maker-E.canG7_contigs_8305-pred_gff_blastx-gene-0.5-mRNA-1	4abdb66d52c68962a7946a641d4d6083	139	MobiDBLite	mobidb-lite	consensus disorder prediction	91	116	-	T	15-04-2024	-	-
maker-E.canG7_contigs_4795-pred_gff_blastx-gene-0.6-mRNA-1	3c6c54d9c38d5c9cd07e0d2afd4467ae	82	ProSiteProfiles	PS50011	Protein kinase domain profile.	1	82	15.26968	T	15-04-2024	IPR000719	Protein kinase domain
maker-E.canG7_contigs_4795-pred_gff_blastx-gene-0.6-mRNA-1	3c6c54d9c38d5c9cd07e0d2afd4467ae	82	SUPERFAMILY	SSF56112	Protein kinase-like (PK-like)	4	77	2.97E-20	T	15-04-2024	IPR011009	Protein kinase-like domain superfamily
maker-E.canG7_contigs_4795-pred_gff_blastx-gene-0.6-mRNA-1	3c6c54d9c38d5c9cd07e0d2afd4467ae	82	ProSitePatterns	PS00108	Serine/Threonine protein kinases active-site signature.	48	60	-	T	15-04-2024	IPR008271	Serine/threonine-protein kinase, active site
maker-E.canG7_contigs_4795-pred_gff_blastx-gene-0.6-mRNA-1	3c6c54d9c38d5c9cd07e0d2afd4467ae	82	Pfam	PF00069	Protein kinase domain	5	78	1.2E-15	T	15-04-2024	IPR000719	Protein kinase domain
maker-E.canG7_contigs_4795-pred_gff_blastx-gene-0.6-mRNA-1	3c6c54d9c38d5c9cd07e0d2afd4467ae	82	Gene3D	G3DSA:1.10.510.10	Transferase(Phosphotransferase) domain 1	1	81	2.1E-17	T	15-04-2024	-	-
maker-E.canG7_contigs_4795-pred_gff_blastx-gene-0.6-mRNA-1	3c6c54d9c38d5c9cd07e0d2afd4467ae	82	PANTHER	PTHR24355	G PROTEIN-COUPLED RECEPTOR KINASE/RIBOSOMAL PROTEIN S6 KINASE	4	78	2.5E-15	T	15-04-2024	-	-
maker-E.canG7_contigs_4795-pred_gff_blastx-gene-0.8-mRNA-1	3c6c54d9c38d5c9cd07e0d2afd4467ae	82	ProSiteProfiles	PS50011	Protein kinase domain profile.	1	82	15.26968	T	15-04-2024	IPR000719	Protein kinase domain
maker-E.canG7_contigs_4795-pred_gff_blastx-gene-0.8-mRNA-1	3c6c54d9c38d5c9cd07e0d2afd4467ae	82	SUPERFAMILY	SSF56112	Protein kinase-like (PK-like)	4	77	2.97E-20	T	15-04-2024	IPR011009	Protein kinase-like domain superfamily
maker-E.canG7_contigs_4795-pred_gff_blastx-gene-0.8-mRNA-1	3c6c54d9c38d5c9cd07e0d2afd4467ae	82	ProSitePatterns	PS00108	Serine/Threonine protein kinases active-site signature.	48	60	-	T	15-04-2024	IPR008271	Serine/threonine-protein kinase, active site
maker-E.canG7_contigs_4795-pred_gff_blastx-gene-0.8-mRNA-1	3c6c54d9c38d5c9cd07e0d2afd4467ae	82	Pfam	PF00069	Protein kinase domain	5	78	1.2E-15	T	15-04-2024	IPR000719	Protein kinase domain
maker-E.canG7_contigs_4795-pred_gff_blastx-gene-0.8-mRNA-1	3c6c54d9c38d5c9cd07e0d2afd4467ae	82	Gene3D	G3DSA:1.10.510.10	Transferase(Phosphotransferase) domain 1	1	81	2.1E-17	T	15-04-2024	-	-
maker-E.canG7_contigs_4795-pred_gff_blastx-gene-0.8-mRNA-1	3c6c54d9c38d5c9cd07e0d2afd4467ae	82	PANTHER	PTHR24355	G PROTEIN-COUPLED RECEPTOR KINASE/RIBOSOMAL PROTEIN S6 KINASE	4	78	2.5E-15	T	15-04-2024	-	-
maker-E.canG7_contigs_2741-pred_gff_protein2genome-gene-0.8-mRNA-1	b8b9781a36e470b1d3a969b329358534	67	MobiDBLite	mobidb-lite	consensus disorder prediction	1	25	-	T	15-04-2024	-	-
maker-E.canG7_contigs_6142-pred_gff_protein2genome-gene-0.8-mRNA-1	b8b9781a36e470b1d3a969b329358534	67	MobiDBLite	mobidb-lite	consensus disorder prediction	1	25	-	T	15-04-2024	-	-
maker-E.canG7_contigs_2407-pred_gff_protein2genome-gene-0.8-mRNA-1	b8b9781a36e470b1d3a969b329358534	67	MobiDBLite	mobidb-lite	consensus disorder prediction	1	25	-	T	15-04-2024	-	-
maker-E.canG7_contigs_1515-pred_gff_protein2genome-gene-0.7-mRNA-1	f14380a804efc025c3d96567b01ff200	116	MobiDBLite	mobidb-lite	consensus disorder prediction	43	75	-	T	15-04-2024	-	-
maker-E.canG7_contigs_3428-pred_gff_blastx-gene-0.4-mRNA-1	222281d59096aa474c92dd17f99d2ecb	343	MobiDBLite	mobidb-lite	consensus disorder prediction	123	144	-	T	15-04-2024	-	-
maker-E.canG7_contigs_6257-pred_gff_blastx-gene-0.15-mRNA-1	31a9a90a0747e0e5745fb358ba9a9669	29	MobiDBLite	mobidb-lite	consensus disorder prediction	1	29	-	T	15-04-2024	-	-
maker-E.canG7_contigs_1093-pred_gff_protein2genome-gene-0.5-mRNA-1	819091c5bc8ee3a88c9d193d7812d06f	74	Gene3D	G3DSA:3.40.630.10	Zn peptidases	2	74	1.2E-9	T	15-04-2024	-	-
maker-E.canG7_contigs_1093-pred_gff_protein2genome-gene-0.5-mRNA-1	819091c5bc8ee3a88c9d193d7812d06f	74	SUPERFAMILY	SSF53187	Zn-dependent exopeptidases	10	70	5.65E-5	T	15-04-2024	-	-
maker-E.canG7_contigs_1093-pred_gff_protein2genome-gene-0.5-mRNA-1	819091c5bc8ee3a88c9d193d7812d06f	74	Pfam	PF00883	Cytosol aminopeptidase family, catalytic domain	7	70	9.9E-6	T	15-04-2024	IPR000819	Peptidase M17, leucyl aminopeptidase, C-terminal
maker-E.canG7_contigs_8786-pred_gff_blastx-gene-0.3-mRNA-1	ad4c1b596ba07c923f8f822b5eaf3490	40	MobiDBLite	mobidb-lite	consensus disorder prediction	12	40	-	T	15-04-2024	-	-
maker-E.canG7_contigs_8786-pred_gff_blastx-gene-0.3-mRNA-1	ad4c1b596ba07c923f8f822b5eaf3490	40	MobiDBLite	mobidb-lite	consensus disorder prediction	1	40	-	T	15-04-2024	-	-
maker-E.canG7_contigs_3302-pred_gff_protein2genome-gene-0.6-mRNA-1	1f55a7189de8b8cfdca507ec77c2ec5a	43	MobiDBLite	mobidb-lite	consensus disorder prediction	24	43	-	T	15-04-2024	-	-
maker-E.canG7_contigs_8603-pred_gff_blastx-gene-0.13-mRNA-1	c9ba56fc3bc826c37690122531d9b819	259	Pfam	PF00041	Fibronectin type III domain	165	242	7.6E-7	T	15-04-2024	IPR003961	Fibronectin type III
maker-E.canG7_contigs_8603-pred_gff_blastx-gene-0.13-mRNA-1	c9ba56fc3bc826c37690122531d9b819	259	Gene3D	G3DSA:2.60.40.10	Immunoglobulins	161	246	1.1E-8	T	15-04-2024	IPR013783	Immunoglobulin-like fold
maker-E.canG7_contigs_8603-pred_gff_blastx-gene-0.13-mRNA-1	c9ba56fc3bc826c37690122531d9b819	259	CDD	cd00063	FN3	165	242	2.9471E-6	T	15-04-2024	IPR003961	Fibronectin type III
maker-E.canG7_contigs_8603-pred_gff_blastx-gene-0.13-mRNA-1	c9ba56fc3bc826c37690122531d9b819	259	ProSiteProfiles	PS50853	Fibronectin type-III domain profile.	165	257	11.668969	T	15-04-2024	IPR003961	Fibronectin type III
maker-E.canG7_contigs_8603-pred_gff_blastx-gene-0.13-mRNA-1	c9ba56fc3bc826c37690122531d9b819	259	SUPERFAMILY	SSF49265	Fibronectin type III	21	246	3.12E-8	T	15-04-2024	IPR036116	Fibronectin type III superfamily
maker-E.canG7_contigs_5648-pred_gff_cdna2genome-gene-0.10-mRNA-1	38f72ab20208ce269a93f919343a1459	42	MobiDBLite	mobidb-lite	consensus disorder prediction	1	17	-	T	15-04-2024	-	-
maker-E.canG7_contigs_5648-pred_gff_cdna2genome-gene-0.10-mRNA-1	38f72ab20208ce269a93f919343a1459	42	MobiDBLite	mobidb-lite	consensus disorder prediction	1	20	-	T	15-04-2024	-	-
maker-E.canG7_contigs_0763-snap-gene-0.0-mRNA-1	4535d39d16851331d835727d69cda6b4	109	Pfam	PF18997	Family of unknown function (DUF5727)	12	41	2.8E-6	T	15-04-2024	IPR043785	Domain of unknown function DUF5727
maker-E.canG7_contigs_1197-snap-gene-0.0-mRNA-1	4535d39d16851331d835727d69cda6b4	109	Pfam	PF18997	Family of unknown function (DUF5727)	12	41	2.8E-6	T	15-04-2024	IPR043785	Domain of unknown function DUF5727
maker-E.canG7_contigs_8748-snap-gene-0.0-mRNA-1	4535d39d16851331d835727d69cda6b4	109	Pfam	PF18997	Family of unknown function (DUF5727)	12	41	2.8E-6	T	15-04-2024	IPR043785	Domain of unknown function DUF5727
maker-E.canG7_contigs_6796-snap-gene-0.0-mRNA-1	4535d39d16851331d835727d69cda6b4	109	Pfam	PF18997	Family of unknown function (DUF5727)	12	41	2.8E-6	T	15-04-2024	IPR043785	Domain of unknown function DUF5727
maker-E.canG7_contigs_9297-pred_gff_blastx-gene-0.5-mRNA-1	1dd37bb91e75d817e000ae562ae0d726	57	MobiDBLite	mobidb-lite	consensus disorder prediction	1	57	-	T	15-04-2024	-	-
maker-E.canG7_contigs_9297-pred_gff_blastx-gene-0.5-mRNA-1	1dd37bb91e75d817e000ae562ae0d726	57	MobiDBLite	mobidb-lite	consensus disorder prediction	39	57	-	T	15-04-2024	-	-
maker-E.canG7_contigs_3508-pred_gff_blastx-gene-0.5-mRNA-1	1dd37bb91e75d817e000ae562ae0d726	57	MobiDBLite	mobidb-lite	consensus disorder prediction	1	57	-	T	15-04-2024	-	-
maker-E.canG7_contigs_3508-pred_gff_blastx-gene-0.5-mRNA-1	1dd37bb91e75d817e000ae562ae0d726	57	MobiDBLite	mobidb-lite	consensus disorder prediction	39	57	-	T	15-04-2024	-	-
maker-E.canG7_contigs_5154-pred_gff_blastx-gene-0.10-mRNA-1	1dd37bb91e75d817e000ae562ae0d726	57	MobiDBLite	mobidb-lite	consensus disorder prediction	1	57	-	T	15-04-2024	-	-
maker-E.canG7_contigs_5154-pred_gff_blastx-gene-0.10-mRNA-1	1dd37bb91e75d817e000ae562ae0d726	57	MobiDBLite	mobidb-lite	consensus disorder prediction	39	57	-	T	15-04-2024	-	-
maker-E.canG7_contigs_0859-pred_gff_blastx-gene-0.5-mRNA-1	1dd37bb91e75d817e000ae562ae0d726	57	MobiDBLite	mobidb-lite	consensus disorder prediction	1	57	-	T	15-04-2024	-	-
maker-E.canG7_contigs_0859-pred_gff_blastx-gene-0.5-mRNA-1	1dd37bb91e75d817e000ae562ae0d726	57	MobiDBLite	mobidb-lite	consensus disorder prediction	39	57	-	T	15-04-2024	-	-
maker-E.canG7_contigs_7804-pred_gff_blastx-gene-0.5-mRNA-1	1dd37bb91e75d817e000ae562ae0d726	57	MobiDBLite	mobidb-lite	consensus disorder prediction	1	57	-	T	15-04-2024	-	-
maker-E.canG7_contigs_7804-pred_gff_blastx-gene-0.5-mRNA-1	1dd37bb91e75d817e000ae562ae0d726	57	MobiDBLite	mobidb-lite	consensus disorder prediction	39	57	-	T	15-04-2024	-	-
maker-E.canG7_contigs_2232-pred_gff_blastx-gene-0.10-mRNA-1	1dd37bb91e75d817e000ae562ae0d726	57	MobiDBLite	mobidb-lite	consensus disorder prediction	1	57	-	T	15-04-2024	-	-
maker-E.canG7_contigs_2232-pred_gff_blastx-gene-0.10-mRNA-1	1dd37bb91e75d817e000ae562ae0d726	57	MobiDBLite	mobidb-lite	consensus disorder prediction	39	57	-	T	15-04-2024	-	-
maker-E.canG7_contigs_2391-pred_gff_blastx-gene-0.1-mRNA-1	ac4551c9e46fb6ba532a65c59323ca40	58	MobiDBLite	mobidb-lite	consensus disorder prediction	35	58	-	T	15-04-2024	-	-
maker-E.canG7_contigs_1693-pred_gff_blastx-gene-0.11-mRNA-1	eabb826201333d3c5254d00990d6a583	119	Gene3D	G3DSA:6.10.140.1230	-	1	52	1.4E-5	T	15-04-2024	-	-
maker-E.canG7_contigs_2348-pred_gff_protein2genome-gene-0.5-mRNA-1	25f11583463d7991c18b02c19b54674a	83	MobiDBLite	mobidb-lite	consensus disorder prediction	63	83	-	T	15-04-2024	-	-
maker-E.canG7_contigs_5793-pred_gff_protein2genome-gene-0.87-mRNA-1	109a702cd575a6a96c460e263200a4fe	96	MobiDBLite	mobidb-lite	consensus disorder prediction	57	96	-	T	15-04-2024	-	-
maker-E.canG7_contigs_5793-pred_gff_protein2genome-gene-0.87-mRNA-1	109a702cd575a6a96c460e263200a4fe	96	MobiDBLite	mobidb-lite	consensus disorder prediction	68	96	-	T	15-04-2024	-	-
maker-E.canG7_contigs_1383-pred_gff_blastx-gene-0.407-mRNA-1	09925716f4f98329bd8b421bd64f3974	188	ProSiteProfiles	PS50920	Solute carrier (Solcar) repeat profile.	19	107	13.781598	T	15-04-2024	IPR018108	Mitochondrial substrate/solute carrier
maker-E.canG7_contigs_1383-pred_gff_blastx-gene-0.407-mRNA-1	09925716f4f98329bd8b421bd64f3974	188	SUPERFAMILY	SSF103506	Mitochondrial carrier	35	183	1.57E-17	T	15-04-2024	IPR023395	Mitochondrial carrier domain superfamily
maker-E.canG7_contigs_1383-pred_gff_blastx-gene-0.407-mRNA-1	09925716f4f98329bd8b421bd64f3974	188	Gene3D	G3DSA:1.50.40.10	Mitochondrial carrier domain	32	184	2.4E-18	T	15-04-2024	IPR023395	Mitochondrial carrier domain superfamily
maker-E.canG7_contigs_1383-pred_gff_blastx-gene-0.407-mRNA-1	09925716f4f98329bd8b421bd64f3974	188	PANTHER	PTHR45618:SF8	MITOCHONDRIAL UNCOUPLING PROTEIN 4	36	178	3.6E-15	T	15-04-2024	-	-
maker-E.canG7_contigs_1383-pred_gff_blastx-gene-0.407-mRNA-1	09925716f4f98329bd8b421bd64f3974	188	Pfam	PF00153	Mitochondrial carrier protein	36	93	1.2E-11	T	15-04-2024	IPR018108	Mitochondrial substrate/solute carrier
maker-E.canG7_contigs_1383-pred_gff_blastx-gene-0.407-mRNA-1	09925716f4f98329bd8b421bd64f3974	188	PANTHER	PTHR45618	MITOCHONDRIAL DICARBOXYLATE CARRIER-RELATED	36	178	3.6E-15	T	15-04-2024	-	-
maker-E.canG7_contigs_1383-pred_gff_blastx-gene-0.417-mRNA-1	09925716f4f98329bd8b421bd64f3974	188	ProSiteProfiles	PS50920	Solute carrier (Solcar) repeat profile.	19	107	13.781598	T	15-04-2024	IPR018108	Mitochondrial substrate/solute carrier
maker-E.canG7_contigs_1383-pred_gff_blastx-gene-0.417-mRNA-1	09925716f4f98329bd8b421bd64f3974	188	SUPERFAMILY	SSF103506	Mitochondrial carrier	35	183	1.57E-17	T	15-04-2024	IPR023395	Mitochondrial carrier domain superfamily
maker-E.canG7_contigs_1383-pred_gff_blastx-gene-0.417-mRNA-1	09925716f4f98329bd8b421bd64f3974	188	Gene3D	G3DSA:1.50.40.10	Mitochondrial carrier domain	32	184	2.4E-18	T	15-04-2024	IPR023395	Mitochondrial carrier domain superfamily
maker-E.canG7_contigs_1383-pred_gff_blastx-gene-0.417-mRNA-1	09925716f4f98329bd8b421bd64f3974	188	PANTHER	PTHR45618:SF8	MITOCHONDRIAL UNCOUPLING PROTEIN 4	36	178	3.6E-15	T	15-04-2024	-	-
maker-E.canG7_contigs_1383-pred_gff_blastx-gene-0.417-mRNA-1	09925716f4f98329bd8b421bd64f3974	188	Pfam	PF00153	Mitochondrial carrier protein	36	93	1.2E-11	T	15-04-2024	IPR018108	Mitochondrial substrate/solute carrier
maker-E.canG7_contigs_1383-pred_gff_blastx-gene-0.417-mRNA-1	09925716f4f98329bd8b421bd64f3974	188	PANTHER	PTHR45618	MITOCHONDRIAL DICARBOXYLATE CARRIER-RELATED	36	178	3.6E-15	T	15-04-2024	-	-
maker-E.canG7_contigs_5264-pred_gff_blastx-gene-0.8-mRNA-1	892c8f35755f298640643a05b31ae411	44	MobiDBLite	mobidb-lite	consensus disorder prediction	1	44	-	T	15-04-2024	-	-
maker-E.canG7_contigs_7747-pred_gff_blastx-gene-0.19-mRNA-1	e761a078d7d091cd331fac0452bf51fd	167	Pfam	PF00179	Ubiquitin-conjugating enzyme	86	157	3.0E-17	T	15-04-2024	IPR000608	Ubiquitin-conjugating enzyme E2
maker-E.canG7_contigs_7747-pred_gff_blastx-gene-0.19-mRNA-1	e761a078d7d091cd331fac0452bf51fd	167	Gene3D	G3DSA:3.10.110.10	Ubiquitin Conjugating Enzyme	4	166	1.3E-20	T	15-04-2024	IPR016135	Ubiquitin-conjugating enzyme/RWD-like
maker-E.canG7_contigs_7747-pred_gff_blastx-gene-0.19-mRNA-1	e761a078d7d091cd331fac0452bf51fd	167	ProSiteProfiles	PS50127	Ubiquitin-conjugating (UBC) core domain profile.	27	167	14.10462	T	15-04-2024	IPR000608	Ubiquitin-conjugating enzyme E2
maker-E.canG7_contigs_7747-pred_gff_blastx-gene-0.19-mRNA-1	e761a078d7d091cd331fac0452bf51fd	167	PANTHER	PTHR24068	UBIQUITIN-CONJUGATING ENZYME E2	82	154	5.1E-14	T	15-04-2024	-	-
maker-E.canG7_contigs_7747-pred_gff_blastx-gene-0.19-mRNA-1	e761a078d7d091cd331fac0452bf51fd	167	PANTHER	PTHR24068:SF132	NEDD8-CONJUGATING ENZYME UBC12	82	154	5.1E-14	T	15-04-2024	-	-
maker-E.canG7_contigs_7747-pred_gff_blastx-gene-0.19-mRNA-1	e761a078d7d091cd331fac0452bf51fd	167	SMART	SM00212	ubc_7	8	166	0.0072	T	15-04-2024	-	-
maker-E.canG7_contigs_7747-pred_gff_blastx-gene-0.19-mRNA-1	e761a078d7d091cd331fac0452bf51fd	167	SUPERFAMILY	SSF54495	UBC-like	84	157	3.63E-20	T	15-04-2024	IPR016135	Ubiquitin-conjugating enzyme/RWD-like
maker-E.canG7_contigs_7747-pred_gff_blastx-gene-0.19-mRNA-1	e761a078d7d091cd331fac0452bf51fd	167	ProSitePatterns	PS00183	Ubiquitin-conjugating (UBC) active site signature.	110	126	-	T	15-04-2024	IPR023313	Ubiquitin-conjugating enzyme, active site
maker-E.canG7_contigs_8923-pred_gff_blastx-gene-0.3-mRNA-1	5550260450ea04d2fe0fd2df37b1175a	95	Gene3D	G3DSA:2.60.40.10	Immunoglobulins	2	93	1.2E-6	T	15-04-2024	IPR013783	Immunoglobulin-like fold
maker-E.canG7_contigs_8923-pred_gff_blastx-gene-0.3-mRNA-1	5550260450ea04d2fe0fd2df37b1175a	95	ProSiteProfiles	PS50853	Fibronectin type-III domain profile.	1	89	11.235058	T	15-04-2024	IPR003961	Fibronectin type III
maker-E.canG7_contigs_8923-pred_gff_blastx-gene-0.3-mRNA-1	5550260450ea04d2fe0fd2df37b1175a	95	SUPERFAMILY	SSF49265	Fibronectin type III	4	88	8.32E-7	T	15-04-2024	IPR036116	Fibronectin type III superfamily
maker-E.canG7_contigs_8923-pred_gff_blastx-gene-0.3-mRNA-1	5550260450ea04d2fe0fd2df37b1175a	95	Pfam	PF00041	Fibronectin type III domain	2	73	6.9E-7	T	15-04-2024	IPR003961	Fibronectin type III
maker-E.canG7_contigs_0930-pred_gff_blastx-gene-0.19-mRNA-1	beaa477164c8b8593f17f22e5a6f0ab7	37	MobiDBLite	mobidb-lite	consensus disorder prediction	1	37	-	T	15-04-2024	-	-
maker-E.canG7_contigs_0930-pred_gff_blastx-gene-0.19-mRNA-1	beaa477164c8b8593f17f22e5a6f0ab7	37	MobiDBLite	mobidb-lite	consensus disorder prediction	19	37	-	T	15-04-2024	-	-
maker-E.canG7_contigs_6694-pred_gff_blastx-gene-0.95-mRNA-1	37e60dcdb954d6b648dc182a8d6c8a01	45	MobiDBLite	mobidb-lite	consensus disorder prediction	19	35	-	T	15-04-2024	-	-
maker-E.canG7_contigs_6694-pred_gff_blastx-gene-0.95-mRNA-1	37e60dcdb954d6b648dc182a8d6c8a01	45	MobiDBLite	mobidb-lite	consensus disorder prediction	11	45	-	T	15-04-2024	-	-
maker-E.canG7_contigs_2937-pred_gff_cdna2genome-gene-0.6-mRNA-1	0b32800c0b23145126279e073802a68f	152	Pfam	PF08557	Sphingolipid Delta4-desaturase (DES)	26	57	3.1E-18	T	15-04-2024	IPR013866	Sphingolipid delta4-desaturase, N-terminal
maker-E.canG7_contigs_2937-pred_gff_cdna2genome-gene-0.6-mRNA-1	0b32800c0b23145126279e073802a68f	152	PANTHER	PTHR12879	SPHINGOLIPID DELTA 4 DESATURASE/C-4 HYDROXYLASE PROTEIN DES2	24	151	6.3E-37	T	15-04-2024	-	-
maker-E.canG7_contigs_2937-pred_gff_cdna2genome-gene-0.6-mRNA-1	0b32800c0b23145126279e073802a68f	152	SUPERFAMILY	SSF55486	Metalloproteases ("zincins"), catalytic domain	71	121	3.31E-6	T	15-04-2024	-	-
maker-E.canG7_contigs_2937-pred_gff_cdna2genome-gene-0.6-mRNA-1	0b32800c0b23145126279e073802a68f	152	SMART	SM01269	Lipid_DES_2	21	58	1.4E-16	T	15-04-2024	IPR013866	Sphingolipid delta4-desaturase, N-terminal
maker-E.canG7_contigs_0502-pred_gff_cdna2genome-gene-0.8-mRNA-1	0b32800c0b23145126279e073802a68f	152	Pfam	PF08557	Sphingolipid Delta4-desaturase (DES)	26	57	3.1E-18	T	15-04-2024	IPR013866	Sphingolipid delta4-desaturase, N-terminal
maker-E.canG7_contigs_0502-pred_gff_cdna2genome-gene-0.8-mRNA-1	0b32800c0b23145126279e073802a68f	152	PANTHER	PTHR12879	SPHINGOLIPID DELTA 4 DESATURASE/C-4 HYDROXYLASE PROTEIN DES2	24	151	6.3E-37	T	15-04-2024	-	-
maker-E.canG7_contigs_0502-pred_gff_cdna2genome-gene-0.8-mRNA-1	0b32800c0b23145126279e073802a68f	152	SUPERFAMILY	SSF55486	Metalloproteases ("zincins"), catalytic domain	71	121	3.31E-6	T	15-04-2024	-	-
maker-E.canG7_contigs_0502-pred_gff_cdna2genome-gene-0.8-mRNA-1	0b32800c0b23145126279e073802a68f	152	SMART	SM01269	Lipid_DES_2	21	58	1.4E-16	T	15-04-2024	IPR013866	Sphingolipid delta4-desaturase, N-terminal
maker-E.canG7_contigs_2743-pred_gff_blastx-gene-0.38-mRNA-1	6bdc41b37ac81e76ec7958d8c0d56779	38	MobiDBLite	mobidb-lite	consensus disorder prediction	1	17	-	T	15-04-2024	-	-
maker-E.canG7_contigs_2743-pred_gff_blastx-gene-0.38-mRNA-1	6bdc41b37ac81e76ec7958d8c0d56779	38	MobiDBLite	mobidb-lite	consensus disorder prediction	1	20	-	T	15-04-2024	-	-
maker-E.canG7_contigs_3414-pred_gff_protein2genome-gene-0.48-mRNA-1	95a27f785d229710dd4a69e02c9357c1	181	MobiDBLite	mobidb-lite	consensus disorder prediction	107	123	-	T	15-04-2024	-	-
maker-E.canG7_contigs_3414-pred_gff_protein2genome-gene-0.48-mRNA-1	95a27f785d229710dd4a69e02c9357c1	181	MobiDBLite	mobidb-lite	consensus disorder prediction	124	143	-	T	15-04-2024	-	-
maker-E.canG7_contigs_3414-pred_gff_protein2genome-gene-0.48-mRNA-1	95a27f785d229710dd4a69e02c9357c1	181	MobiDBLite	mobidb-lite	consensus disorder prediction	107	143	-	T	15-04-2024	-	-
maker-E.canG7_contigs_3874-pred_gff_blastx-gene-0.3-mRNA-1	0474ecba14b6e9739bef6bb4f36ea3a0	53	Gene3D	G3DSA:3.40.630.10	Zn peptidases	1	53	3.0E-9	T	15-04-2024	-	-
maker-E.canG7_contigs_3874-pred_gff_blastx-gene-0.3-mRNA-1	0474ecba14b6e9739bef6bb4f36ea3a0	53	SUPERFAMILY	SSF53187	Zn-dependent exopeptidases	3	49	5.02E-5	T	15-04-2024	-	-
maker-E.canG7_contigs_3997-pred_gff_blastx-gene-0.9-mRNA-1	45116dab8694cc9125dd569de4a20890	57	MobiDBLite	mobidb-lite	consensus disorder prediction	1	57	-	T	15-04-2024	-	-
maker-E.canG7_contigs_3997-pred_gff_blastx-gene-0.9-mRNA-1	45116dab8694cc9125dd569de4a20890	57	MobiDBLite	mobidb-lite	consensus disorder prediction	39	57	-	T	15-04-2024	-	-
maker-E.canG7_contigs_7453-pred_gff_blastx-gene-0.12-mRNA-1	45116dab8694cc9125dd569de4a20890	57	MobiDBLite	mobidb-lite	consensus disorder prediction	1	57	-	T	15-04-2024	-	-
maker-E.canG7_contigs_7453-pred_gff_blastx-gene-0.12-mRNA-1	45116dab8694cc9125dd569de4a20890	57	MobiDBLite	mobidb-lite	consensus disorder prediction	39	57	-	T	15-04-2024	-	-
maker-E.canG7_contigs_4223-pred_gff_protein2genome-gene-0.8-mRNA-1	9e9390d9db30e413de34a44ef2bbb813	323	Pfam	PF00858	Amiloride-sensitive sodium channel	2	288	9.6E-22	T	15-04-2024	IPR001873	Epithelial sodium channel
maker-E.canG7_contigs_4223-pred_gff_protein2genome-gene-0.8-mRNA-1	9e9390d9db30e413de34a44ef2bbb813	323	PANTHER	PTHR11690	AMILORIDE-SENSITIVE SODIUM CHANNEL-RELATED	2	289	1.3E-13	T	15-04-2024	IPR001873	Epithelial sodium channel
maker-E.canG7_contigs_5593-pred_gff_tblastx-gene-0.11-mRNA-1	866e3704b9aaf665c496f3620256242b	76	MobiDBLite	mobidb-lite	consensus disorder prediction	25	44	-	T	15-04-2024	-	-
maker-E.canG7_contigs_5593-pred_gff_tblastx-gene-0.11-mRNA-1	866e3704b9aaf665c496f3620256242b	76	MobiDBLite	mobidb-lite	consensus disorder prediction	25	40	-	T	15-04-2024	-	-
augustus_masked-E.canG7_contigs_3357-processed-gene-0.0-mRNA-1	574eaaadcbd0453f1e44c415906fb506	345	MobiDBLite	mobidb-lite	consensus disorder prediction	321	345	-	T	15-04-2024	-	-
augustus_masked-E.canG7_contigs_3357-processed-gene-0.0-mRNA-1	574eaaadcbd0453f1e44c415906fb506	345	MobiDBLite	mobidb-lite	consensus disorder prediction	123	144	-	T	15-04-2024	-	-
maker-E.canG7_contigs_5204-pred_gff_blastx-gene-0.1-mRNA-1	7713b5527f3ba7c2bbd52dbe5d8696a1	58	MobiDBLite	mobidb-lite	consensus disorder prediction	36	58	-	T	15-04-2024	-	-
maker-E.canG7_contigs_8057-pred_gff_blastx-gene-0.74-mRNA-1	fc8e415ca8c8e8310b2387b984f75d46	159	PRINTS	PR00621	Histone H2B signature	112	129	5.6E-51	T	15-04-2024	IPR000558	Histone H2B
maker-E.canG7_contigs_8057-pred_gff_blastx-gene-0.74-mRNA-1	fc8e415ca8c8e8310b2387b984f75d46	159	PRINTS	PR00621	Histone H2B signature	142	155	5.6E-51	T	15-04-2024	IPR000558	Histone H2B
maker-E.canG7_contigs_8057-pred_gff_blastx-gene-0.74-mRNA-1	fc8e415ca8c8e8310b2387b984f75d46	159	PRINTS	PR00621	Histone H2B signature	71	89	5.6E-51	T	15-04-2024	IPR000558	Histone H2B
maker-E.canG7_contigs_8057-pred_gff_blastx-gene-0.74-mRNA-1	fc8e415ca8c8e8310b2387b984f75d46	159	PRINTS	PR00621	Histone H2B signature	129	142	5.6E-51	T	15-04-2024	IPR000558	Histone H2B
maker-E.canG7_contigs_8057-pred_gff_blastx-gene-0.74-mRNA-1	fc8e415ca8c8e8310b2387b984f75d46	159	PRINTS	PR00621	Histone H2B signature	90	110	5.6E-51	T	15-04-2024	IPR000558	Histone H2B
maker-E.canG7_contigs_8057-pred_gff_blastx-gene-0.74-mRNA-1	fc8e415ca8c8e8310b2387b984f75d46	159	Gene3D	G3DSA:1.10.20.10	Histone, subunit A	38	159	2.0E-61	T	15-04-2024	IPR009072	Histone-fold
maker-E.canG7_contigs_8057-pred_gff_blastx-gene-0.74-mRNA-1	fc8e415ca8c8e8310b2387b984f75d46	159	PANTHER	PTHR23428	HISTONE H2B	38	159	6.7E-59	T	15-04-2024	IPR000558	Histone H2B
maker-E.canG7_contigs_8057-pred_gff_blastx-gene-0.74-mRNA-1	fc8e415ca8c8e8310b2387b984f75d46	159	Pfam	PF00125	Core histone H2A/H2B/H3/H4	52	134	1.8E-21	T	15-04-2024	IPR007125	Histone H2A/H2B/H3
maker-E.canG7_contigs_8057-pred_gff_blastx-gene-0.74-mRNA-1	fc8e415ca8c8e8310b2387b984f75d46	159	SUPERFAMILY	SSF47113	Histone-fold	45	159	1.77E-53	T	15-04-2024	IPR009072	Histone-fold
maker-E.canG7_contigs_8057-pred_gff_blastx-gene-0.74-mRNA-1	fc8e415ca8c8e8310b2387b984f75d46	159	PANTHER	PTHR23428:SF266	HISTONE H2B	38	159	6.7E-59	T	15-04-2024	-	-
maker-E.canG7_contigs_8057-pred_gff_blastx-gene-0.74-mRNA-1	fc8e415ca8c8e8310b2387b984f75d46	159	SMART	SM00427	h2b3	61	157	4.2E-70	T	15-04-2024	IPR000558	Histone H2B
maker-E.canG7_contigs_6886-pred_gff_blastx-gene-0.74-mRNA-1	fc8e415ca8c8e8310b2387b984f75d46	159	PRINTS	PR00621	Histone H2B signature	112	129	5.6E-51	T	15-04-2024	IPR000558	Histone H2B
maker-E.canG7_contigs_6886-pred_gff_blastx-gene-0.74-mRNA-1	fc8e415ca8c8e8310b2387b984f75d46	159	PRINTS	PR00621	Histone H2B signature	142	155	5.6E-51	T	15-04-2024	IPR000558	Histone H2B
maker-E.canG7_contigs_6886-pred_gff_blastx-gene-0.74-mRNA-1	fc8e415ca8c8e8310b2387b984f75d46	159	PRINTS	PR00621	Histone H2B signature	71	89	5.6E-51	T	15-04-2024	IPR000558	Histone H2B
maker-E.canG7_contigs_6886-pred_gff_blastx-gene-0.74-mRNA-1	fc8e415ca8c8e8310b2387b984f75d46	159	PRINTS	PR00621	Histone H2B signature	129	142	5.6E-51	T	15-04-2024	IPR000558	Histone H2B
maker-E.canG7_contigs_6886-pred_gff_blastx-gene-0.74-mRNA-1	fc8e415ca8c8e8310b2387b984f75d46	159	PRINTS	PR00621	Histone H2B signature	90	110	5.6E-51	T	15-04-2024	IPR000558	Histone H2B
maker-E.canG7_contigs_6886-pred_gff_blastx-gene-0.74-mRNA-1	fc8e415ca8c8e8310b2387b984f75d46	159	Gene3D	G3DSA:1.10.20.10	Histone, subunit A	38	159	2.0E-61	T	15-04-2024	IPR009072	Histone-fold
maker-E.canG7_contigs_6886-pred_gff_blastx-gene-0.74-mRNA-1	fc8e415ca8c8e8310b2387b984f75d46	159	PANTHER	PTHR23428	HISTONE H2B	38	159	6.7E-59	T	15-04-2024	IPR000558	Histone H2B
maker-E.canG7_contigs_6886-pred_gff_blastx-gene-0.74-mRNA-1	fc8e415ca8c8e8310b2387b984f75d46	159	Pfam	PF00125	Core histone H2A/H2B/H3/H4	52	134	1.8E-21	T	15-04-2024	IPR007125	Histone H2A/H2B/H3
maker-E.canG7_contigs_6886-pred_gff_blastx-gene-0.74-mRNA-1	fc8e415ca8c8e8310b2387b984f75d46	159	SUPERFAMILY	SSF47113	Histone-fold	45	159	1.77E-53	T	15-04-2024	IPR009072	Histone-fold
maker-E.canG7_contigs_6886-pred_gff_blastx-gene-0.74-mRNA-1	fc8e415ca8c8e8310b2387b984f75d46	159	PANTHER	PTHR23428:SF266	HISTONE H2B	38	159	6.7E-59	T	15-04-2024	-	-
maker-E.canG7_contigs_6886-pred_gff_blastx-gene-0.74-mRNA-1	fc8e415ca8c8e8310b2387b984f75d46	159	SMART	SM00427	h2b3	61	157	4.2E-70	T	15-04-2024	IPR000558	Histone H2B
maker-E.canG7_contigs_7722-pred_gff_protein2genome-gene-0.5-mRNA-1	469db16759bfc302caf358582e6473d6	83	MobiDBLite	mobidb-lite	consensus disorder prediction	63	83	-	T	15-04-2024	-	-
maker-E.canG7_contigs_5500-pred_gff_cdna2genome-gene-0.3-mRNA-1	d293bf8519c447f19d9713a49bc418a8	43	MobiDBLite	mobidb-lite	consensus disorder prediction	1	36	-	T	15-04-2024	-	-
maker-E.canG7_contigs_5500-pred_gff_cdna2genome-gene-0.3-mRNA-1	d293bf8519c447f19d9713a49bc418a8	43	MobiDBLite	mobidb-lite	consensus disorder prediction	1	43	-	T	15-04-2024	-	-
maker-E.canG7_contigs_3882-pred_gff_cdna2genome-gene-0.2-mRNA-1	d293bf8519c447f19d9713a49bc418a8	43	MobiDBLite	mobidb-lite	consensus disorder prediction	1	36	-	T	15-04-2024	-	-
maker-E.canG7_contigs_3882-pred_gff_cdna2genome-gene-0.2-mRNA-1	d293bf8519c447f19d9713a49bc418a8	43	MobiDBLite	mobidb-lite	consensus disorder prediction	1	43	-	T	15-04-2024	-	-
maker-E.canG7_contigs_7729-pred_gff_protein2genome-gene-0.11-mRNA-1	f3adef868ba2b90a185ba41064651149	95	MobiDBLite	mobidb-lite	consensus disorder prediction	1	39	-	T	15-04-2024	-	-
maker-E.canG7_contigs_8412-pred_gff_protein2genome-gene-0.9-mRNA-1	f3adef868ba2b90a185ba41064651149	95	MobiDBLite	mobidb-lite	consensus disorder prediction	1	39	-	T	15-04-2024	-	-
maker-E.canG7_contigs_3552-pred_gff_cdna2genome-gene-0.10-mRNA-1	9fbea919f3e57d922c7d6a19b7e7f64f	563	Gene3D	G3DSA:2.10.70.10	Complement Module, domain 1	313	363	9.3E-6	T	15-04-2024	-	-
maker-E.canG7_contigs_3552-pred_gff_cdna2genome-gene-0.10-mRNA-1	9fbea919f3e57d922c7d6a19b7e7f64f	563	CDD	cd00033	CCP	504	560	0.00150051	T	15-04-2024	IPR000436	Sushi/SCR/CCP domain
maker-E.canG7_contigs_3552-pred_gff_cdna2genome-gene-0.10-mRNA-1	9fbea919f3e57d922c7d6a19b7e7f64f	563	Pfam	PF00084	Sushi repeat (SCR repeat)	513	555	1.3E-4	T	15-04-2024	IPR000436	Sushi/SCR/CCP domain
maker-E.canG7_contigs_3552-pred_gff_cdna2genome-gene-0.10-mRNA-1	9fbea919f3e57d922c7d6a19b7e7f64f	563	SUPERFAMILY	SSF57535	Complement control module/SCR domain	518	560	4.17E-6	T	15-04-2024	IPR035976	Sushi/SCR/CCP superfamily
maker-E.canG7_contigs_3552-pred_gff_cdna2genome-gene-0.10-mRNA-1	9fbea919f3e57d922c7d6a19b7e7f64f	563	Gene3D	G3DSA:3.10.100.10	-	33	218	5.6E-6	T	15-04-2024	IPR016186	C-type lectin-like/link domain superfamily
maker-E.canG7_contigs_3552-pred_gff_cdna2genome-gene-0.10-mRNA-1	9fbea919f3e57d922c7d6a19b7e7f64f	563	SUPERFAMILY	SSF56436	C-type lectin-like	34	212	7.67E-6	T	15-04-2024	IPR016187	C-type lectin fold
maker-E.canG7_contigs_3552-pred_gff_cdna2genome-gene-0.10-mRNA-1	9fbea919f3e57d922c7d6a19b7e7f64f	563	Gene3D	G3DSA:2.10.70.10	Complement Module, domain 1	499	560	4.0E-6	T	15-04-2024	-	-
maker-E.canG7_contigs_3552-pred_gff_cdna2genome-gene-0.10-mRNA-1	9fbea919f3e57d922c7d6a19b7e7f64f	563	ProSiteProfiles	PS50923	Sushi/CCP/SCR domain profile.	309	385	8.706603	T	15-04-2024	IPR000436	Sushi/SCR/CCP domain
maker-E.canG7_contigs_8004-pred_gff_blastx-gene-0.5-mRNA-1	90f1e5aef33eebae555c80d47ce00dc3	90	MobiDBLite	mobidb-lite	consensus disorder prediction	1	43	-	T	15-04-2024	-	-
maker-E.canG7_contigs_8324-pred_gff_blastx-gene-0.6-mRNA-1	90f1e5aef33eebae555c80d47ce00dc3	90	MobiDBLite	mobidb-lite	consensus disorder prediction	1	43	-	T	15-04-2024	-	-
maker-E.canG7_contigs_5445-pred_gff_blastx-gene-0.83-mRNA-1	f201c15daeb7cd7211ed485ab81dd187	286	PANTHER	PTHR11567	ACID PHOSPHATASE-RELATED	57	283	4.4E-42	T	15-04-2024	-	-
maker-E.canG7_contigs_5445-pred_gff_blastx-gene-0.83-mRNA-1	f201c15daeb7cd7211ed485ab81dd187	286	SUPERFAMILY	SSF53254	Phosphoglycerate mutase-like	73	280	2.36E-41	T	15-04-2024	IPR029033	Histidine phosphatase superfamily
maker-E.canG7_contigs_5445-pred_gff_blastx-gene-0.83-mRNA-1	f201c15daeb7cd7211ed485ab81dd187	286	Gene3D	G3DSA:3.40.50.1240	-	72	286	1.2E-50	T	15-04-2024	IPR029033	Histidine phosphatase superfamily
maker-E.canG7_contigs_5445-pred_gff_blastx-gene-0.83-mRNA-1	f201c15daeb7cd7211ed485ab81dd187	286	PANTHER	PTHR11567:SF180	LYSOSOMAL ACID PHOSPHATASE	57	283	4.4E-42	T	15-04-2024	-	-
maker-E.canG7_contigs_5445-pred_gff_blastx-gene-0.83-mRNA-1	f201c15daeb7cd7211ed485ab81dd187	286	Pfam	PF00328	Histidine phosphatase superfamily (branch 2)	102	187	4.4E-8	T	15-04-2024	IPR000560	Histidine phosphatase superfamily, clade-2
maker-E.canG7_contigs_5445-pred_gff_blastx-gene-0.83-mRNA-1	f201c15daeb7cd7211ed485ab81dd187	286	CDD	cd07061	HP_HAP_like	73	186	1.16679E-19	T	15-04-2024	IPR000560	Histidine phosphatase superfamily, clade-2
maker-E.canG7_contigs_5445-pred_gff_blastx-gene-0.83-mRNA-1	f201c15daeb7cd7211ed485ab81dd187	286	ProSitePatterns	PS00616	Histidine acid phosphatases phosphohistidine signature.	73	87	-	T	15-04-2024	IPR033379	Histidine acid phosphatase active site
maker-E.canG7_contigs_1354-pred_gff_cdna2genome-gene-0.11-mRNA-1	03449444fc06eaaf2f2735cccdd6dfbe	112	Coils	Coil	Coil	87	112	-	T	15-04-2024	-	-
maker-E.canG7_contigs_1354-pred_gff_cdna2genome-gene-0.11-mRNA-1	03449444fc06eaaf2f2735cccdd6dfbe	112	MobiDBLite	mobidb-lite	consensus disorder prediction	89	112	-	T	15-04-2024	-	-
maker-E.canG7_contigs_9185-pred_gff_blastx-gene-0.1-mRNA-1	27bd8b2237379b8b2b2f44513bfd3530	54	Coils	Coil	Coil	18	38	-	T	15-04-2024	-	-
maker-E.canG7_contigs_3311-pred_gff_blastx-gene-0.1-mRNA-1	27bd8b2237379b8b2b2f44513bfd3530	54	Coils	Coil	Coil	18	38	-	T	15-04-2024	-	-
maker-E.canG7_contigs_5257-pred_gff_blastx-gene-0.1-mRNA-1	27bd8b2237379b8b2b2f44513bfd3530	54	Coils	Coil	Coil	18	38	-	T	15-04-2024	-	-
maker-E.canG7_contigs_1865-pred_gff_protein2genome-gene-0.15-mRNA-1	006597f8ac244b4e45015394208a0d9d	111	MobiDBLite	mobidb-lite	consensus disorder prediction	92	111	-	T	15-04-2024	-	-
maker-E.canG7_contigs_1865-pred_gff_protein2genome-gene-0.15-mRNA-1	006597f8ac244b4e45015394208a0d9d	111	Coils	Coil	Coil	86	111	-	T	15-04-2024	-	-
maker-E.canG7_contigs_5501-pred_gff_blastx-gene-0.5-mRNA-1	2c001fb0ef9726cfb6468de249b8ec02	49	MobiDBLite	mobidb-lite	consensus disorder prediction	29	49	-	T	15-04-2024	-	-
